"HITId","HITTypeId","Title","Description","Keywords","Reward","CreationTime","MaxAssignments","RequesterAnnotation","AssignmentDurationInSeconds","AutoApprovalDelayInSeconds","Expiration","NumberOfSimilarHITs","LifetimeInSeconds","AssignmentId","WorkerId","AssignmentStatus","AcceptTime","SubmitTime","AutoApprovalTime","ApprovalTime","RejectionTime","RequesterFeedback","WorkTimeInSeconds","LifetimeApprovalRate","Last30DaysApprovalRate","Last7DaysApprovalRate","Input.origin_id","Input.sentence","Input.paraphrase0","Input.paraphrase1","Input.paraphrase2","Input.task","Answer.Comments","Answer.gm0","Answer.gm1","Answer.gm2","Answer.gm3","Answer.pg0","Answer.range1","Answer.range2","Answer.range3","Approve","Reject"
"373L46LKP7U9DD52KBWUIWLFQ1RJK3","3NJNX96T4LP22T9Z4Q81DF3YROIOGL","Judge the similarity of sentences","Give us a judgment of how close the meaning of one sentence is to another","meaning","$0.06","Tue Apr 12 10:47:42 PDT 2022","1","BatchId:4714910;OriginalHitTemplateId:920937340;","3600","259200","Tue Apr 19 10:47:42 PDT 2022","","","336KAV9KYRG6D6U478WVH6A01DQ2YN","A3O1I9MATO3ZZN","Approved","Tue Apr 12 10:48:08 PDT 2022","Tue Apr 12 10:50:37 PDT 2022","Fri Apr 15 10:50:37 PDT 2022","Fri Apr 15 10:51:01 PDT 2022","","","149","100% (1785/1785)","100% (1779/1779)","100% (3/3)","RTE3_test.column_s2_541","Aldrich Hazen Ames 's wife was called Maria .","Ames'wife was called Maria by Aldrich Hazen Ames.","Ames'wife Maria was called Aldrich Hazen Ames.","Maria was named Maria by Aldrich Hazen Ames.","QA","{}","0","2","2","2","0","76","7","46"
"3LXX8KJXPWX3XSD8WRXA0JOLE1PO9X","3NJNX96T4LP22T9Z4Q81DF3YROIOGL","Judge the similarity of sentences","Give us a judgment of how close the meaning of one sentence is to another","meaning","$0.06","Tue Apr 12 10:47:42 PDT 2022","1","BatchId:4714910;OriginalHitTemplateId:920937340;","3600","259200","Tue Apr 19 10:47:42 PDT 2022","","","3SB5N7Y3O4SZV56QYF6BRIAHZJK0G7","A13YLEJ4UI0U9X","Approved","Tue Apr 12 11:03:53 PDT 2022","Tue Apr 12 11:09:01 PDT 2022","Fri Apr 15 11:09:01 PDT 2022","Fri Apr 15 11:10:01 PDT 2022","","","308","100% (5/5)","100% (5/5)","100% (5/5)","RTE3_test.column_s1_271","Since the 1970 s , crime has been increasing at churches around the country as religious art became more popular among collectors .","Crime in churches around the country has increased since the 1970s, as religious art became more popular among collectors.","Since the 1970s, crime in churches around the country has increased, as religious art became more popular among collectors.","Since the 1970s, crimes have increased in churches around the country as religious art has become more popular among collectors.","IR","{}","0","2","1","2","0","75","41","74"
"307FVKVSYR3VFGFXYAKH8PRA2K174U","3NJNX96T4LP22T9Z4Q81DF3YROIOGL","Judge the similarity of sentences","Give us a judgment of how close the meaning of one sentence is to another","meaning","$0.06","Tue Apr 12 10:47:42 PDT 2022","1","BatchId:4714910;OriginalHitTemplateId:920937340;","3600","259200","Tue Apr 19 10:47:42 PDT 2022","","","3DUZQ9U6SNCIEBGXWCOH1PJAHQMVS9","A1HEEAXTCXRF0O","Approved","Tue Apr 12 10:53:56 PDT 2022","Tue Apr 12 10:58:54 PDT 2022","Fri Apr 15 10:58:54 PDT 2022","Fri Apr 15 10:59:01 PDT 2022","","","298","100% (1/1)","100% (1/1)","100% (1/1)","RTE1_test.column_s1_293","An estimated 10,000 of Scotland 's 15,000-strong police force is set to be deployed during the three-day event .","An estimated 10,000 of Scotland's 15,000-strong police force is going to be deployed during the three-day event.","During the three-day event, an estimated 10,000 of Scotland's 15,000 police force will be deployed.","An estimated 10,000 of Scotland's 15,000-strong police force is going to be deployed during the three-day event.","IR","{}","0","2","2","2","0","91","95","94"
"37VUR2VJ6ADKZYDA299QQDCLRBIC1F","3NJNX96T4LP22T9Z4Q81DF3YROIOGL","Judge the similarity of sentences","Give us a judgment of how close the meaning of one sentence is to another","meaning","$0.06","Tue Apr 12 10:47:42 PDT 2022","1","BatchId:4714910;OriginalHitTemplateId:920937340;","3600","259200","Tue Apr 19 10:47:42 PDT 2022","","","3Y9N9SS8LZZS0DVWFCNMNV5RP403D9","AFJT8K9L3XF3G","Approved","Tue Apr 12 11:49:09 PDT 2022","Tue Apr 12 11:54:48 PDT 2022","Fri Apr 15 11:54:48 PDT 2022","Fri Apr 15 11:55:01 PDT 2022","","","339","100% (3/3)","100% (3/3)","100% (3/3)","RTE1_test.column_s2_1869","John Edwards 's speech failed to mention President Bush or Vice President Dick Cheney .","John Edwards'speech failed to mention President Bush or Vice President Dick Cheney.","John Edwards'speech failed to mention President Bush or Vice President Dick Cheney.","John Edwards'speech failed to mention President Bush or Vice President Dick Cheney.","CD","good","0","1","2","1","0|1","37","83","59"
"36D1BWBEHNP4X57XY23IYSR2DV0M2O","3NJNX96T4LP22T9Z4Q81DF3YROIOGL","Judge the similarity of sentences","Give us a judgment of how close the meaning of one sentence is to another","meaning","$0.06","Tue Apr 12 10:47:42 PDT 2022","1","BatchId:4714910;OriginalHitTemplateId:920937340;","3600","259200","Tue Apr 19 10:47:42 PDT 2022","","","3FTYUGLFSV9VESI0TVBF2S3B3ZB5DJ","AIWGYZUABL3K1","Approved","Tue Apr 12 10:55:49 PDT 2022","Tue Apr 12 10:59:43 PDT 2022","Fri Apr 15 10:59:43 PDT 2022","Fri Apr 15 11:00:01 PDT 2022","","","234","100% (4/4)","100% (4/4)","100% (4/4)","RTE3_test.column_s1_392","Latin America 's billionaires now have a combined fortune of more than $ 115 billion .","The billionaires of Latin America now have a combined fortune of $ 115 billion.","Latin America's billionaires now have a combined fortune of over $ 115 billion.","Latin America's billionaires now have a combined fortune of over $ 115 billion.","IR","{}","0","2","2","2","0|1","93","94","85"
"3G5RUKN2ECRLF7DWVCXXLUOGORK9N3","3NJNX96T4LP22T9Z4Q81DF3YROIOGL","Judge the similarity of sentences","Give us a judgment of how close the meaning of one sentence is to another","meaning","$0.06","Tue Apr 12 10:47:42 PDT 2022","1","BatchId:4714910;OriginalHitTemplateId:920937340;","3600","259200","Tue Apr 19 10:47:42 PDT 2022","","","3HVVDCPGTFG0X5OHQNGRITJQ1Q9YTH","A2DQPG8W3CMVYZ","Approved","Tue Apr 12 11:16:55 PDT 2022","Tue Apr 12 11:21:59 PDT 2022","Fri Apr 15 11:21:59 PDT 2022","Fri Apr 15 11:22:01 PDT 2022","","","304","100% (6/6)","100% (6/6)","100% (6/6)","RTE3_test.column_s2_156","Susan Linn is the head of the Judge Baker Children 's Center .","Susan Linn is the head of the Judge Baker Children's Center.","Susan Linn is head of Judge Baker Children's Center.","Susan Linn is the head of the Judge Baker Children's Center.","IE","good","0|1","1","2","1","0","96","50","76"
"3CMV9YRYP3PKXJNK5B8VXWYUF1WJL6","3NJNX96T4LP22T9Z4Q81DF3YROIOGL","Judge the similarity of sentences","Give us a judgment of how close the meaning of one sentence is to another","meaning","$0.06","Tue Apr 12 10:47:42 PDT 2022","1","BatchId:4714910;OriginalHitTemplateId:920937340;","3600","259200","Tue Apr 19 10:47:42 PDT 2022","","","32ZKVD547GBZLGXC1GWGS5HRMID3BP","A2XATI58NLBQ4J","Approved","Tue Apr 12 11:08:55 PDT 2022","Tue Apr 12 11:25:02 PDT 2022","Fri Apr 15 11:25:02 PDT 2022","Fri Apr 15 11:26:01 PDT 2022","","","967","100% (2/2)","100% (2/2)","100% (2/2)","RTE3_test.column_s1_412","The Cassini Spacecraft has taken images from July 22 , 2006 that show rivers and lakes present on Saturn 's moon Titan .","The Cassini Spacecraft took images from 22 July 2006 that show rivers and lakes on Saturn's moon Titan.","The Cassini Spacecraft has taken images from 22 July 2006 showing rivers and lakes present on Saturn's moon Titan.","The Cassini spacecraft has taken images from July 22, 2006 showing rivers and lakes on Saturn's Titan - Moon.","QA","{}","0","2","2","2","0","82","89","89"
"3CIS7GGG657F5TOM0OP5R3HLNKTEUA","3NJNX96T4LP22T9Z4Q81DF3YROIOGL","Judge the similarity of sentences","Give us a judgment of how close the meaning of one sentence is to another","meaning","$0.06","Tue Apr 12 10:47:42 PDT 2022","1","BatchId:4714910;OriginalHitTemplateId:920937340;","3600","259200","Tue Apr 19 10:47:42 PDT 2022","","","3GFK2QRXXA5UNYIRAQG5UGSWAFGW5I","A2H1RXUC8XNNIW","Approved","Tue Apr 12 10:48:09 PDT 2022","Tue Apr 12 10:51:24 PDT 2022","Fri Apr 15 10:51:24 PDT 2022","Fri Apr 15 10:52:01 PDT 2022","","","195","100% (1014/1014)","100% (6/6)","100% (6/6)","RTE3_test.column_s2_378","Black plague swept Europe .","Across Europe, the black plague swept Europe.","The Black Stagnation of Europe swept Europe.","Black plague sweeps through Europe.","IR","{}","0","2","2","2","0","100","15","99"
"3VW0145YLY0431555N9AX9DJF6MJM8","3NJNX96T4LP22T9Z4Q81DF3YROIOGL","Judge the similarity of sentences","Give us a judgment of how close the meaning of one sentence is to another","meaning","$0.06","Tue Apr 12 10:47:42 PDT 2022","1","BatchId:4714910;OriginalHitTemplateId:920937340;","3600","259200","Tue Apr 19 10:47:42 PDT 2022","","","374TNBHA8CJN5PWP9JMWDO83HJ3QYO","AVNP1F3CADQRW","Approved","Tue Apr 12 10:48:04 PDT 2022","Tue Apr 12 10:49:51 PDT 2022","Fri Apr 15 10:49:51 PDT 2022","Fri Apr 15 10:50:01 PDT 2022","","","107","100% (1/1)","100% (1/1)","100% (1/1)","RTE1_test.column_s2_1424","Mr Arafat 's opponents appealed to him to stop the mounting lawlessness in the Palestinian territories .","Mr Arafat's opponents appealed to him to stop the growing lawlessness in the Palestinian territories.","The opponents of Mr Arafat's appealed to him to stop the rising illegality in the Palestinian territories.","Mr Arafat's opponents appealed to him to stop the rising lawlessness in the Palestinian territories.","PP","{}","0","2","1","2","0","100","66","100"
"3TFJJUELSHDROJV6LD94VWMQJHWC2W","3NJNX96T4LP22T9Z4Q81DF3YROIOGL","Judge the similarity of sentences","Give us a judgment of how close the meaning of one sentence is to another","meaning","$0.06","Tue Apr 12 10:47:42 PDT 2022","1","BatchId:4714910;OriginalHitTemplateId:920937340;","3600","259200","Tue Apr 19 10:47:42 PDT 2022","","","354P56DE9LRG3LF1EEL1VB37V8G7SU","AJ82AHAXAW6Q4","Approved","Tue Apr 12 10:49:58 PDT 2022","Tue Apr 12 10:51:06 PDT 2022","Fri Apr 15 10:51:06 PDT 2022","Fri Apr 15 10:52:01 PDT 2022","","","68","100% (3/3)","100% (3/3)","100% (3/3)","RTE1_test.column_s2_1012","The spacecraft 's photographs show a crater `` the size of Italy '' .","The spacecraft's photographs show a crater  the size of Italy ''.","The spacecraft's photographs show a crater  the size of Italy ''.","The Spacecraft's photographs show a crater  the size of Italy ''.","RC","{}","0","2","2","2","0","17","36","87"
"3DWNFENNE3JOZBGZZJ9EBFWJTF14JY","3NJNX96T4LP22T9Z4Q81DF3YROIOGL","Judge the similarity of sentences","Give us a judgment of how close the meaning of one sentence is to another","meaning","$0.06","Tue Apr 12 10:47:42 PDT 2022","1","BatchId:4714910;OriginalHitTemplateId:920937340;","3600","259200","Tue Apr 19 10:47:42 PDT 2022","","","3QECW5O0KIP2VHEXFLBU7WLX6MF5TK","AR0VJ5XRG16UJ","Approved","Tue Apr 12 11:49:09 PDT 2022","Tue Apr 12 12:08:15 PDT 2022","Fri Apr 15 12:08:15 PDT 2022","Fri Apr 15 12:09:01 PDT 2022","","","1146","100% (1/1)","100% (1/1)","100% (1/1)","RTE1_test.column_s2_837","The Clark County medical examiner 's office put the dead man 's age at 33 .","The Clark County medical examiner placed the age of the deceased man at 33.","The Clark County Medical examiner's office put the age of the deceased man at 33.","The Clark County medical examiner's office put the age of the dead man at 33.","CD","{}","0","2","2","2","0|1","100","100","100"
"3N2YPY1GI6MFI8DM5EZANPJ41R2EVZ","3NJNX96T4LP22T9Z4Q81DF3YROIOGL","Judge the similarity of sentences","Give us a judgment of how close the meaning of one sentence is to another","meaning","$0.06","Tue Apr 12 10:47:42 PDT 2022","1","BatchId:4714910;OriginalHitTemplateId:920937340;","3600","259200","Tue Apr 19 10:47:42 PDT 2022","","","3I7DHKZYGOOSCCWWK165QS6WFCR5FU","A1XY5N3O4I0979","Approved","Tue Apr 12 10:49:59 PDT 2022","Tue Apr 12 10:51:01 PDT 2022","Fri Apr 15 10:51:01 PDT 2022","Fri Apr 15 10:52:01 PDT 2022","","","62","100% (395/395)","100% (395/395)","100% (2/2)","RTE2_test.column_s1_709","In the 1820 's , the first flush toilet was invented by Albert Giblin , acting as a forerunner to today 's modern loo .","In the 1820s, Albert Giblin invented the first flush toilet and acted as a forerunner to the modern loo today.","In the 1820s, Albert Giblin invented the first flush toilet and acted as a prelude to modern loo.","In the 1820s, the first flush toilet was invented by Albert Giblin, acting as the forerunner of modern loo today.","QA","{}","0","2","2","2","0","66","82","82"
"3QXFBUZ4ZK4DP7KD6JFTR62X008GUT","3NJNX96T4LP22T9Z4Q81DF3YROIOGL","Judge the similarity of sentences","Give us a judgment of how close the meaning of one sentence is to another","meaning","$0.06","Tue Apr 12 10:47:42 PDT 2022","1","BatchId:4714910;OriginalHitTemplateId:920937340;","3600","259200","Tue Apr 19 10:47:42 PDT 2022","","","32VNZTT0A8S7JJX5XRNP2PE1I46R45","AK4ZRSQMRTXTJ","Approved","Tue Apr 12 10:48:11 PDT 2022","Tue Apr 12 10:48:35 PDT 2022","Fri Apr 15 10:48:35 PDT 2022","Fri Apr 15 10:49:01 PDT 2022","","","24","100% (5/5)","100% (5/5)","100% (5/5)","RTE1_test.column_s2_2082","Microsoft was established in 1985 .","Microsoft was founded in 1985.","Microsoft was founded in 1985.","Microsoft was founded in 1985.","QA","{}","0","2","2","2","0","73","93","100"
"3SX4X51T80XH2BNDOXBAWEZ5KJ7OAC","3NJNX96T4LP22T9Z4Q81DF3YROIOGL","Judge the similarity of sentences","Give us a judgment of how close the meaning of one sentence is to another","meaning","$0.06","Tue Apr 12 10:47:42 PDT 2022","1","BatchId:4714910;OriginalHitTemplateId:920937340;","3600","259200","Tue Apr 19 10:47:42 PDT 2022","","","388U7OUMF8PQKVF4EQ0NQMOO1UGR0J","A297Q7ZL1R1Q1G","Approved","Tue Apr 12 18:37:54 PDT 2022","Tue Apr 12 18:43:36 PDT 2022","Fri Apr 15 18:43:36 PDT 2022","Fri Apr 15 18:44:10 PDT 2022","","","342","100% (2/2)","100% (2/2)","100% (2/2)","RTE1_test.column_s2_1240","Palestine 's government jet used to be kept in Egypt .","The government jet for Palestine used to be kept in Egypt.","The jet of Palestine's government used to be kept in Egypt.","The government jet of Palestine used to be kept in Egypt.","MT","{}","0","2","2","2","0","95","98","93"
"3SZYX62S5GODBZJXCF3RDHXO2GW75Z","3NJNX96T4LP22T9Z4Q81DF3YROIOGL","Judge the similarity of sentences","Give us a judgment of how close the meaning of one sentence is to another","meaning","$0.06","Tue Apr 12 10:47:43 PDT 2022","1","BatchId:4714910;OriginalHitTemplateId:920937340;","3600","259200","Tue Apr 19 10:47:43 PDT 2022","","","3TEM0PF1Q6LWJLWZWP53LX7KMR0D06","A2LQK4LC7F67EZ","Approved","Tue Apr 12 10:49:59 PDT 2022","Tue Apr 12 11:38:24 PDT 2022","Fri Apr 15 11:38:24 PDT 2022","Fri Apr 15 11:39:01 PDT 2022","","","2905","100% (3/3)","100% (3/3)","100% (3/3)","RTE1_test.column_s2_272","Aristide is going back to Haiti after being exiled for years .","Aristide is returning to Haiti after being exiled for years.","After being exiled for years, Aristide goes back to Haiti.","After being exiled for years, Aristide will go back to Haiti.","IR","good","0","2","2","2","0|1","66","50","92"
"3Q2T3FD0ONWTIN3G22HNH2WUJ90M3Z","3NJNX96T4LP22T9Z4Q81DF3YROIOGL","Judge the similarity of sentences","Give us a judgment of how close the meaning of one sentence is to another","meaning","$0.06","Tue Apr 12 10:47:43 PDT 2022","1","BatchId:4714910;OriginalHitTemplateId:920937340;","3600","259200","Tue Apr 19 10:47:43 PDT 2022","","","3TK8OJTYM29L1J054VKN6KEZU6FVPT","A1XY5N3O4I0979","Approved","Tue Apr 12 11:34:05 PDT 2022","Tue Apr 12 12:01:09 PDT 2022","Fri Apr 15 12:01:09 PDT 2022","Fri Apr 15 12:02:01 PDT 2022","","","1624","100% (395/395)","100% (395/395)","100% (2/2)","RTE1_test.column_s2_2167","Microsoft to begin shipping major update to Windows","Microsoft is to begin shipping major update to Windows with Microsoft for Windows XP.","Microsoft to begin shipping large update to Windows.","Microsoft will start delivering important update to Windows after Microsoft has released Windows 10","CD","{}","0","2","2","2","0","64","73","65"
"3LXX8KJXPWX3XSD8WRXA0JOLE1P9OI","3NJNX96T4LP22T9Z4Q81DF3YROIOGL","Judge the similarity of sentences","Give us a judgment of how close the meaning of one sentence is to another","meaning","$0.06","Tue Apr 12 10:47:43 PDT 2022","1","BatchId:4714910;OriginalHitTemplateId:920937340;","3600","259200","Tue Apr 19 10:47:43 PDT 2022","","","3CN4LGXD5YCGGK9RBMFJAL7YLRLY4E","AIWGYZUABL3K1","Approved","Tue Apr 12 10:58:13 PDT 2022","Tue Apr 12 11:00:14 PDT 2022","Fri Apr 15 11:00:14 PDT 2022","Fri Apr 15 11:01:01 PDT 2022","","","121","100% (4/4)","100% (4/4)","100% (4/4)","RTE3_test.column_s2_46","Hillman 's Airways was sold to British Airways .","Hillman's Airways was sold to British Airways.","Hillman's Airways was sold to British Airways.","Hillman's Airways was sold to British Airways.","IE","{}","0","2","2","2","0","97","87","96"
"3R16PJFTS3FJAVMHH49QCUWW8414KX","3NJNX96T4LP22T9Z4Q81DF3YROIOGL","Judge the similarity of sentences","Give us a judgment of how close the meaning of one sentence is to another","meaning","$0.06","Tue Apr 12 10:47:43 PDT 2022","1","BatchId:4714910;OriginalHitTemplateId:920937340;","3600","259200","Tue Apr 19 10:47:43 PDT 2022","","","3S06PH7KSSSWQAHHS893Z2QURJ91D0","AIWGYZUABL3K1","Approved","Tue Apr 12 10:59:35 PDT 2022","Tue Apr 12 11:00:57 PDT 2022","Fri Apr 15 11:00:57 PDT 2022","Fri Apr 15 11:01:01 PDT 2022","","","82","100% (4/4)","100% (4/4)","100% (4/4)","RTE1_test.column_s1_219","Canadian wireless technology licensing company Wi-LAN has begun legal action against Cisco , alleging the networking giant 's Linksys and Aironet products are making use of its intellectual property without permission .","The Canadian wireless technology licensing company Wi-LAN has started legal action against Cisco, alleging that the Linksys and Aironet products of the networking giants have used their intellectual property without permission.","Canadian wireless technology licensing company Wi-LAN has entered legal action against Cisco, alleging that the networking giant's Linksys and Aironet products were used without permission of their intellectual property.","Canadian wireless technology licensing company Wi-LAN has initiated legal action against Cisco, claiming that Linksys and Aironet products of the networking giant are using its intellectual property without permission.","RC","{}","0","2","2","2","0|1","100","95","88"
"351S7I5UG9KALJQ5HOOAAO2JKWWJN8","3NJNX96T4LP22T9Z4Q81DF3YROIOGL","Judge the similarity of sentences","Give us a judgment of how close the meaning of one sentence is to another","meaning","$0.06","Tue Apr 12 10:47:43 PDT 2022","1","BatchId:4714910;OriginalHitTemplateId:920937340;","3600","259200","Tue Apr 19 10:47:43 PDT 2022","","","3E47SOBEYRKXLO710JZY7VPYNL5CI0","A2LQK4LC7F67EZ","Approved","Tue Apr 12 10:48:56 PDT 2022","Tue Apr 12 11:38:09 PDT 2022","Fri Apr 15 11:38:09 PDT 2022","Fri Apr 15 11:39:01 PDT 2022","","","2953","100% (3/3)","100% (3/3)","100% (3/3)","RTE2_test.column_s2_285","One of Bush 's election lawyers also advises a group running ads against Kerry .","One of Bush's election lawyers also advises a group that runs ads against Kerry.","One of Bush's election lawyers also advises a group of campaigning ads against Kerry.","One of Bush's election lawyers also advises a group on launching ads against Kerry.","SUM","good","0","2","2","2","0","75","86","82"
"3FULMHZ7OULE0JMK2GM6R7O0X9WM4K","3NJNX96T4LP22T9Z4Q81DF3YROIOGL","Judge the similarity of sentences","Give us a judgment of how close the meaning of one sentence is to another","meaning","$0.06","Tue Apr 12 10:47:43 PDT 2022","1","BatchId:4714910;OriginalHitTemplateId:920937340;","3600","259200","Tue Apr 19 10:47:43 PDT 2022","","","30BUDKLTXEJ06YW0PQMZ8ALW3BC5EC","A13YLEJ4UI0U9X","Approved","Tue Apr 12 10:49:59 PDT 2022","Tue Apr 12 10:50:52 PDT 2022","Fri Apr 15 10:50:52 PDT 2022","Fri Apr 15 10:51:01 PDT 2022","","","53","100% (5/5)","100% (5/5)","100% (5/5)","RTE2_test.column_s2_36","The first flush toilet was invented in the 16 th century .","The first flush toilet was invented in the 16th century.","The first flush toilet was invented in the 16th century.","The first flush toilet was invented in the 16th century.","QA","{}","0","1","2","2","0","82","83","77"
"378G7J1SJLMSXXDRVO469R2I804EW9","3NJNX96T4LP22T9Z4Q81DF3YROIOGL","Judge the similarity of sentences","Give us a judgment of how close the meaning of one sentence is to another","meaning","$0.06","Tue Apr 12 10:47:43 PDT 2022","1","BatchId:4714910;OriginalHitTemplateId:920937340;","3600","259200","Tue Apr 19 10:47:43 PDT 2022","","","3KGTPGBS6Y9PWXAZX7Z6EL4N5PF2UP","A3AFLE1W4L89MH","Approved","Tue Apr 12 10:48:02 PDT 2022","Tue Apr 12 10:49:47 PDT 2022","Fri Apr 15 10:49:47 PDT 2022","Fri Apr 15 10:50:01 PDT 2022","","","105","100% (2/2)","100% (2/2)","100% (2/2)","RTE1_test.column_s2_1307","The group trains it 's 200 members in the Nuba mountains .","The group trains its 200 members in Nuba mountains.","The group trains its 200 members in the Nuba mountains.","The group trains its 200 members in the Nuba mountains.","MT","''its'' is wrong, the correct is ''it's''","0","1","2","1","0","91","87","87"
"3KI0JD2ZU169U3JBHYDW5NBOYB776F","3NJNX96T4LP22T9Z4Q81DF3YROIOGL","Judge the similarity of sentences","Give us a judgment of how close the meaning of one sentence is to another","meaning","$0.06","Tue Apr 12 10:47:43 PDT 2022","1","BatchId:4714910;OriginalHitTemplateId:920937340;","3600","259200","Tue Apr 19 10:47:43 PDT 2022","","","34FNN24DCNXYC3DRPRYTFDDCLNH5YR","A3O1I9MATO3ZZN","Approved","Tue Apr 12 10:48:14 PDT 2022","Tue Apr 12 10:51:51 PDT 2022","Fri Apr 15 10:51:51 PDT 2022","Fri Apr 15 10:52:01 PDT 2022","","","217","100% (1785/1785)","100% (1779/1779)","100% (3/3)","RTE3_test.column_s2_758","The Army 's increase will probably cost 70 billion .","The Army's increase will probably cost 70 billion euros.","The army increase will likely cost 70 billion.","The Army's increase will likely cost 70 billion dollars.","SUM","{}","0","2","2","2","0","45","100","46"
"3WKGUBL7SZAUU14Z24LRRU9BX464L0","3NJNX96T4LP22T9Z4Q81DF3YROIOGL","Judge the similarity of sentences","Give us a judgment of how close the meaning of one sentence is to another","meaning","$0.06","Tue Apr 12 10:47:43 PDT 2022","1","BatchId:4714910;OriginalHitTemplateId:920937340;","3600","259200","Tue Apr 19 10:47:43 PDT 2022","","","3A4TN5196L6XPTWHU1HD7JOJN8QHCC","A1GUWXA5B6RCOR","Approved","Tue Apr 12 10:49:38 PDT 2022","Tue Apr 12 10:50:32 PDT 2022","Fri Apr 15 10:50:32 PDT 2022","Fri Apr 15 10:51:01 PDT 2022","","","54","100% (5/5)","100% (5/5)","100% (5/5)","RTE3_test.column_s2_251","World Trade Organization mediates trade disputes .","Trade disputes mediates by the World Trade Organization.","Trade disputes are mediated by the World Trade Organization.","Trade disputes are mediated by the World Trade Organization.","IR","{}","0","1","2","1","0","75","85","30"
"33KMQD9OFJ2SY3XG08IOB1BKTMR77E","3NJNX96T4LP22T9Z4Q81DF3YROIOGL","Judge the similarity of sentences","Give us a judgment of how close the meaning of one sentence is to another","meaning","$0.06","Tue Apr 12 10:47:43 PDT 2022","1","BatchId:4714910;OriginalHitTemplateId:920937340;","3600","259200","Tue Apr 19 10:47:43 PDT 2022","","","3UNH76FOCTTWKAYXHQFFWFOY7I6YM9","AER9ZTWWX86A0","Approved","Tue Apr 12 10:48:13 PDT 2022","Tue Apr 12 10:48:47 PDT 2022","Fri Apr 15 10:48:47 PDT 2022","Fri Apr 15 10:49:01 PDT 2022","","","34","100% (1/1)","100% (1/1)","100% (1/1)","RTE3_test.column_s2_698","Thamesport 's system cannot control remote peripherals .","Thamesport's system cannot control remote peripherals.","Thamesport's system cannot control remote peripherals.","Thamesport's system cannot control remote peripherals.","SUM","{}","0|1","2","2","2","0|1","76","73","68"
"3D3B8GE892FLISP9BRAPPJTBO6L9PZ","3NJNX96T4LP22T9Z4Q81DF3YROIOGL","Judge the similarity of sentences","Give us a judgment of how close the meaning of one sentence is to another","meaning","$0.06","Tue Apr 12 10:47:43 PDT 2022","1","BatchId:4714910;OriginalHitTemplateId:920937340;","3600","259200","Tue Apr 19 10:47:43 PDT 2022","","","33NF62TLXKQBZX3VAE1W7FH65A5JK0","A1ZLPVR2UX5NKS","Approved","Tue Apr 12 13:49:28 PDT 2022","Tue Apr 12 13:59:03 PDT 2022","Fri Apr 15 13:59:03 PDT 2022","Fri Apr 15 14:00:01 PDT 2022","","","575","100% (1/1)","100% (1/1)","100% (1/1)","RTE1_test.column_s2_1827","The U.S. detained four frenchmen for almost three years at Guantanamo Bay .","The U.S. has detained four French men for almost three years at Guantanamo Bay.","The U.S. held four Frenchmen in Guantanamo Bay for almost three years.","4 Frenchmen detained at Guantanamo Bay for almost three years are held in the U.S.","RC","{}","0","2","2","2","0","79","63","76"
"3Z56AA6EK4OSF6QYL4FLO58ET02M65","3NJNX96T4LP22T9Z4Q81DF3YROIOGL","Judge the similarity of sentences","Give us a judgment of how close the meaning of one sentence is to another","meaning","$0.06","Tue Apr 12 10:47:43 PDT 2022","1","BatchId:4714910;OriginalHitTemplateId:920937340;","3600","259200","Tue Apr 19 10:47:43 PDT 2022","","","324G5B4FB4WG2CVP5C2HL5XO0HD07I","A1BFWNASS8EOJY","Approved","Tue Apr 12 11:48:57 PDT 2022","Tue Apr 12 12:03:31 PDT 2022","Fri Apr 15 12:03:31 PDT 2022","Fri Apr 15 12:04:01 PDT 2022","","","874","100% (5/5)","100% (5/5)","100% (5/5)","RTE1_test.column_s1_1512","Lisa Marie was aware of the pressures of being Elvis Presley 's daughter , so she did n't exactly pursue songwriting that seriously .","Lisa Marie was aware of the pressures of being Elvis Presley's daughter, so she did not pursue songwriting that seriously.","Lisa Marie was aware of the pressures of being Elvis'daughter, so she did not precisely pursue song writing seriously.","Lisa Marie was aware of the pressures of being Elvis Presley's daughter, so she did not really take song writing seriously.","QA","GOOD","0|1","1","1","1","0","84","73","42"
"356TQKY9XFLWYH2ZADAUP17F46X781","3NJNX96T4LP22T9Z4Q81DF3YROIOGL","Judge the similarity of sentences","Give us a judgment of how close the meaning of one sentence is to another","meaning","$0.06","Tue Apr 12 10:47:43 PDT 2022","1","BatchId:4714910;OriginalHitTemplateId:920937340;","3600","259200","Tue Apr 19 10:47:43 PDT 2022","","","3EFVCAY5L4XR4W1U1P4THA8FA98J8C","A347RDI3HZOUCY","Approved","Tue Apr 12 10:48:09 PDT 2022","Tue Apr 12 10:54:43 PDT 2022","Fri Apr 15 10:54:43 PDT 2022","Fri Apr 15 10:55:01 PDT 2022","","","394","100% (1/1)","100% (1/1)","100% (1/1)","RTE2_test.column_s2_671","Lleyton Hewitt had a win over Andy Roddick in Friday 's semi-final .","Lleyton Hewitt had a victory over Andy Roddick in the semi-finals on Friday.","In the semi-final on Friday, Lleyton Hewitt had a victory over Andy Roddick.","Lleyton Hewitt won in the semi-final at Andy Roddick's by winning on Friday.","SUM","{}","0","1","0","2","0","52","","92"
"3FULMHZ7OULE0JMK2GM6R7O0X9W4M2","3NJNX96T4LP22T9Z4Q81DF3YROIOGL","Judge the similarity of sentences","Give us a judgment of how close the meaning of one sentence is to another","meaning","$0.06","Tue Apr 12 10:47:43 PDT 2022","1","BatchId:4714910;OriginalHitTemplateId:920937340;","3600","259200","Tue Apr 19 10:47:43 PDT 2022","","","30X31N5D64EYMNDZLHXL525XWGLASN","A03846191RWU57N8DCK72","Approved","Tue Apr 12 10:47:59 PDT 2022","Tue Apr 12 10:50:44 PDT 2022","Fri Apr 15 10:50:44 PDT 2022","Fri Apr 15 10:51:01 PDT 2022","","","165","100% (1/1)","100% (1/1)","100% (1/1)","RTE2_test.column_s2_646","Tokyo 's High Court approves an appeal for compensation by 10 Chinese survivors .","The High Court of Tokyo took a court order to award compensation to 10 Chinese survivors.","Tokyo's High Court approves an appeal for compensation made by 10 Chinese survivors.","The Tokyo High Court rules on a appeal to the compensation of 10 Chinese survivors.","IE","{}","0","2","2","2","0","100","100","100"
"3ATYLI1PRTQS34QHI3ONPD2OA61JON","3NJNX96T4LP22T9Z4Q81DF3YROIOGL","Judge the similarity of sentences","Give us a judgment of how close the meaning of one sentence is to another","meaning","$0.06","Tue Apr 12 10:47:43 PDT 2022","1","BatchId:4714910;OriginalHitTemplateId:920937340;","3600","259200","Tue Apr 19 10:47:43 PDT 2022","","","3L70J4KAZHASKYUHOR2WA3JXVDCADU","A1FPCIKO68OQ63","Approved","Tue Apr 12 10:49:59 PDT 2022","Tue Apr 12 10:55:41 PDT 2022","Fri Apr 15 10:55:41 PDT 2022","Fri Apr 15 10:56:01 PDT 2022","","","342","100% (1/1)","100% (1/1)","100% (1/1)","RTE1_test.column_s2_1860","Sharon praised France for ' determined action ' against anti-Semitism .","Sharon praised France for's'determined action against Anti-Semitism.","Sharon praised France for's'determined action'against antisemitism.","Sharon praised France for's'decisive action against anti-Semitism.","CD","{}","0","2","2","2","0","81","29","84"
"32W3UF2EZO91RXATPRSSOBJO3VSC4S","3NJNX96T4LP22T9Z4Q81DF3YROIOGL","Judge the similarity of sentences","Give us a judgment of how close the meaning of one sentence is to another","meaning","$0.06","Tue Apr 12 10:47:44 PDT 2022","1","BatchId:4714910;OriginalHitTemplateId:920937340;","3600","259200","Tue Apr 19 10:47:44 PDT 2022","","","3KOPY89HM9Q53ZVOP89XQT04UNGJ3K","A2H1RXUC8XNNIW","Approved","Tue Apr 12 10:48:15 PDT 2022","Tue Apr 12 10:53:49 PDT 2022","Fri Apr 15 10:53:49 PDT 2022","Fri Apr 15 10:54:01 PDT 2022","","","334","100% (1014/1014)","100% (6/6)","100% (6/6)","RTE3_test.column_s2_18","The rock group Spock 's Beard comes from Japan .","The rock group Spock's Beard comes from Japan.","The rock group Spock's Beard comes from Japan.","The Rock group Spock's Beard comes from Japan.","IE","{}","0","2","2","2","0","100","100","100"
"32ZCLEW0BZ8AO42IX312ED7EKBXJP4","3NJNX96T4LP22T9Z4Q81DF3YROIOGL","Judge the similarity of sentences","Give us a judgment of how close the meaning of one sentence is to another","meaning","$0.06","Tue Apr 12 10:47:44 PDT 2022","1","BatchId:4714910;OriginalHitTemplateId:920937340;","3600","259200","Tue Apr 19 10:47:44 PDT 2022","","","3K3R2QNK8CR0WHVYIGELO8C1BVP9UO","A1MXDBILWV8RXN","Approved","Tue Apr 12 11:10:49 PDT 2022","Tue Apr 12 11:24:42 PDT 2022","Fri Apr 15 11:24:42 PDT 2022","Fri Apr 15 11:25:01 PDT 2022","","","833","100% (346/346)","100% (3/3)","100% (3/3)","RTE1_test.column_s2_2062","Microsoft 's corporate headquarters are located in Georgia .","Microsoft's corporate headquarters are in Georgia.","Microsoft's corporate headquarters are located in Georgia.","Microsoft's corporate headquarters in Georgia are located in Georgia.","IE","{}","0","2","2","1","0","100","100","75"
"3RDTX9JRTYPWCML9F5G8PX2QOCF79Q","3NJNX96T4LP22T9Z4Q81DF3YROIOGL","Judge the similarity of sentences","Give us a judgment of how close the meaning of one sentence is to another","meaning","$0.06","Tue Apr 12 10:47:44 PDT 2022","1","BatchId:4714910;OriginalHitTemplateId:920937340;","3600","259200","Tue Apr 19 10:47:44 PDT 2022","","","3TAYZSBPLMW9HKIV8246ZKMZKSX2SC","A1PNR13F6ODP3R","Approved","Tue Apr 12 11:01:08 PDT 2022","Tue Apr 12 11:28:06 PDT 2022","Fri Apr 15 11:28:06 PDT 2022","Fri Apr 15 11:29:01 PDT 2022","","","1618","100% (1/1)","100% (1/1)","100% (1/1)","RTE1_test.column_s1_2032","France 's Gastronomic Capital is Much , Much More .","France's Gastronomic Capital is Much, Much More.","France's Gastronomic Capital is Much, Much More.","The Gastronomic Capital of France, France is much more.","QA","{}","0|1","2","2","2","0","75","80","75"
"3I7SHAD35MKBJ6434EKDUJ8AOBMM74","3NJNX96T4LP22T9Z4Q81DF3YROIOGL","Judge the similarity of sentences","Give us a judgment of how close the meaning of one sentence is to another","meaning","$0.06","Tue Apr 12 10:47:44 PDT 2022","1","BatchId:4714910;OriginalHitTemplateId:920937340;","3600","259200","Tue Apr 19 10:47:44 PDT 2022","","","3RWE2M8QWIY55XNCLJJ6H2JE0V5N01","A1BFWNASS8EOJY","Approved","Tue Apr 12 11:01:39 PDT 2022","Tue Apr 12 11:05:23 PDT 2022","Fri Apr 15 11:05:23 PDT 2022","Fri Apr 15 11:06:02 PDT 2022","","","224","100% (5/5)","100% (5/5)","100% (5/5)","RTE2_test.column_s2_446","Tutankhamun 's Tomb was unearthed by Howard Carter and Lord Carnarvon .","Tutankhamun's tomb was discovered by Howard Carter and Lord Carnarvon.","The Tomb of Tutankhamun was discovered by Howard Carter and Lord Carnarvon.","Tutankhamun's tomb was discovered by Howard Carter and Lord Carnarvon.","QA","good  story book","0","1","1","1","0|1","67","26","71"
"3YD0MU1NC2PAH5VE7BU8LSDAUUX7A5","3NJNX96T4LP22T9Z4Q81DF3YROIOGL","Judge the similarity of sentences","Give us a judgment of how close the meaning of one sentence is to another","meaning","$0.06","Tue Apr 12 10:47:44 PDT 2022","1","BatchId:4714910;OriginalHitTemplateId:920937340;","3600","259200","Tue Apr 19 10:47:44 PDT 2022","","","34MAJL3QP5BF0HC3M1MTKRBLCQR34E","A2M99QLVRO60WZ","Approved","Tue Apr 12 10:52:44 PDT 2022","Tue Apr 12 11:01:26 PDT 2022","Fri Apr 15 11:01:26 PDT 2022","Fri Apr 15 11:02:01 PDT 2022","","","522","100% (1/1)","100% (1/1)","100% (1/1)","RTE1_test.column_s1_862","The search has focused on the Hangman 's Cell , reputedly where 141 French prisoners of war were executed , and the 18 th Century Master Ropemaker 's House .","Search has focused on the Hangman's cell, reputedly where 141 French prisoners of war were executed, and the 18th century master ropemaker's house.","Search focused on Hangman's Cell, reputedly where 141 French prisoners of war were executed, and the 18th century Master Ropemaker's House.","The search focused on the Hangman's Cell where 141 French prisoners of war were executed and the master ropemaker's house from the 18th century.","CD","{}","0|1","1","0","1","0","70","","60"
"3LN3BXKGC0JQHB9I1JUU9UNULGJGWS","3NJNX96T4LP22T9Z4Q81DF3YROIOGL","Judge the similarity of sentences","Give us a judgment of how close the meaning of one sentence is to another","meaning","$0.06","Tue Apr 12 10:47:44 PDT 2022","1","BatchId:4714910;OriginalHitTemplateId:920937340;","3600","259200","Tue Apr 19 10:47:44 PDT 2022","","","345LHZDEDYGEHF6I17DBXV9FB3R3UD","ATIFHQ8B9J6M4","Approved","Tue Apr 12 11:38:58 PDT 2022","Tue Apr 12 11:46:05 PDT 2022","Fri Apr 15 11:46:05 PDT 2022","Fri Apr 15 11:47:01 PDT 2022","","","427","100% (3/3)","100% (3/3)","100% (3/3)","RTE2_test.column_s1_208","They demand that Beijing pressure Pyongyang to capitulate to Washington 's demands .","They demand that Beijing pressure Pyongyang to capitulate to Washington's demands.","They demand that Beijing, pressure Pyongyang, pressure Washington's demands to capitulate.","They demand that Beijing pressure Pyongyang to capitulate to Washington's demands.","IE","{}","0","2","2","2","0","70","60","70"
"38DCH97KHHQVOG3XXGGREIXOP7JJQV","3NJNX96T4LP22T9Z4Q81DF3YROIOGL","Judge the similarity of sentences","Give us a judgment of how close the meaning of one sentence is to another","meaning","$0.06","Tue Apr 12 10:47:44 PDT 2022","1","BatchId:4714910;OriginalHitTemplateId:920937340;","3600","259200","Tue Apr 19 10:47:44 PDT 2022","","","3HPZF4IVNNHJBOM641L1TJJMD43CY6","A2H1RXUC8XNNIW","Approved","Tue Apr 12 10:49:59 PDT 2022","Tue Apr 12 10:54:13 PDT 2022","Fri Apr 15 10:54:13 PDT 2022","Fri Apr 15 10:55:01 PDT 2022","","","254","100% (1014/1014)","100% (6/6)","100% (6/6)","RTE1_test.column_s2_1680","Abrams lives in Latin American .","Abrams lives in Latin America.","Abrams lives in Latin America.","Abrams lives in Latin America.","IE","{}","0","2","2","2","0","95","95","95"
"3KTZHH2ONI3FJK9MEJCJ8J45ZVSM8R","3NJNX96T4LP22T9Z4Q81DF3YROIOGL","Judge the similarity of sentences","Give us a judgment of how close the meaning of one sentence is to another","meaning","$0.06","Tue Apr 12 10:47:44 PDT 2022","1","BatchId:4714910;OriginalHitTemplateId:920937340;","3600","259200","Tue Apr 19 10:47:44 PDT 2022","","","31Z0PCVWUL3HILSG3EQR5GZTXRU7TJ","AJ82AHAXAW6Q4","Approved","Tue Apr 12 10:50:41 PDT 2022","Tue Apr 12 10:51:31 PDT 2022","Fri Apr 15 10:51:31 PDT 2022","Fri Apr 15 10:52:01 PDT 2022","","","50","100% (3/3)","100% (3/3)","100% (3/3)","RTE2_test.column_s2_356","Stocks finished lower Thursday .","Stocks ended Thursday lower.","Stocks closed lower Thursday.","Stocks closed lower Thursday.","SUM","{}","0","2","2","2","0","88","20","93"
"3R5LWXWHR0W56BE8BOQGBD11UIPGXL","3NJNX96T4LP22T9Z4Q81DF3YROIOGL","Judge the similarity of sentences","Give us a judgment of how close the meaning of one sentence is to another","meaning","$0.06","Tue Apr 12 10:47:44 PDT 2022","1","BatchId:4714910;OriginalHitTemplateId:920937340;","3600","259200","Tue Apr 19 10:47:44 PDT 2022","","","33FBRBDW6PN4WIVORXN7U6VKKP08CO","A35WBL5DJ8B73X","Approved","Tue Apr 12 10:48:05 PDT 2022","Tue Apr 12 10:48:33 PDT 2022","Fri Apr 15 10:48:33 PDT 2022","Fri Apr 15 10:49:01 PDT 2022","","","28","100% (987/987)","100% (987/987)","100% (3/3)","RTE1_test.column_s2_1591","De La Rue makes much of the world 's money .","De La Rue makes much of the world's money.","De La Rue makes much of the world's money.","De La Rue makes most of the money in the world.","QA","{}","0","2","2","2","0","78","79","81"
"3S4TINXCC0BMLLS5UBB6RPJB21SOB7","3NJNX96T4LP22T9Z4Q81DF3YROIOGL","Judge the similarity of sentences","Give us a judgment of how close the meaning of one sentence is to another","meaning","$0.06","Tue Apr 12 10:47:44 PDT 2022","1","BatchId:4714910;OriginalHitTemplateId:920937340;","3600","259200","Tue Apr 19 10:47:44 PDT 2022","","","37UQDCYH6YJWVDW589Q66YNEUCA7VZ","A1GUWXA5B6RCOR","Approved","Tue Apr 12 10:49:59 PDT 2022","Tue Apr 12 10:51:34 PDT 2022","Fri Apr 15 10:51:34 PDT 2022","Fri Apr 15 10:52:01 PDT 2022","","","95","100% (5/5)","100% (5/5)","100% (5/5)","RTE3_test.column_s2_201","New buildings have been erected in Berlin .","Neue buildings have been erected in Berlin.","New buildings have been built in Berlin.","New buildings have been built in Berlin.","IR","{}","0","1","2","1","0","44","87","29"
"3PZDSVZ3J55KI17KEH164MD02Z64N2","3NJNX96T4LP22T9Z4Q81DF3YROIOGL","Judge the similarity of sentences","Give us a judgment of how close the meaning of one sentence is to another","meaning","$0.06","Tue Apr 12 10:47:44 PDT 2022","1","BatchId:4714910;OriginalHitTemplateId:920937340;","3600","259200","Tue Apr 19 10:47:44 PDT 2022","","","308XBLVESJSR4IIEC6XCA3K7SWNRBB","AK4ZRSQMRTXTJ","Approved","Tue Apr 12 10:48:12 PDT 2022","Tue Apr 12 10:55:07 PDT 2022","Fri Apr 15 10:55:07 PDT 2022","Fri Apr 15 10:56:01 PDT 2022","","","415","100% (5/5)","100% (5/5)","100% (5/5)","RTE2_test.column_s2_4","The ozone layer is in the earth 's atmosphere .","The ozone layer is in the earth's atmosphere.","The ozone layer in the earth's atmosphere is.","The ozone layer is in the earth's atmosphere.","QA","{}","0","2","2","2","0","91","81","83"
"360ZO6N6J17FXPSWJBIX8FZGJ1AM9G","3NJNX96T4LP22T9Z4Q81DF3YROIOGL","Judge the similarity of sentences","Give us a judgment of how close the meaning of one sentence is to another","meaning","$0.06","Tue Apr 12 10:47:44 PDT 2022","1","BatchId:4714910;OriginalHitTemplateId:920937340;","3600","259200","Tue Apr 19 10:47:44 PDT 2022","","","3J4Q2Z4UTZRJGK1PUI48SRNN6B3QWP","AFJT8K9L3XF3G","Approved","Tue Apr 12 11:48:25 PDT 2022","Tue Apr 12 11:54:23 PDT 2022","Fri Apr 15 11:54:23 PDT 2022","Fri Apr 15 11:55:01 PDT 2022","","","358","100% (3/3)","100% (3/3)","100% (3/3)","RTE2_test.column_s2_624","The Eiffel Tower was built in the 18 th century .","The Eiffel Tower was built in the 18th century.","The Eiffel Tower was built in the 18th century.","The Eiffel Tower was built in the 18th century.","QA","good","0","2","0","1","0|1","65","","78"
"3ZTE0JGGCEG5VQKB8B7129PTKMSOCE","3NJNX96T4LP22T9Z4Q81DF3YROIOGL","Judge the similarity of sentences","Give us a judgment of how close the meaning of one sentence is to another","meaning","$0.06","Tue Apr 12 10:47:44 PDT 2022","1","BatchId:4714910;OriginalHitTemplateId:920937340;","3600","259200","Tue Apr 19 10:47:44 PDT 2022","","","3NC5L260MPAEKM2EPG24ZY6NW7WFO9","AUK645O59X4TM","Approved","Tue Apr 12 10:55:49 PDT 2022","Tue Apr 12 11:04:59 PDT 2022","Fri Apr 15 11:04:59 PDT 2022","Fri Apr 15 11:05:01 PDT 2022","","","550","100% (2/2)","100% (2/2)","100% (2/2)","RTE2_test.column_s2_298","Unplanned pregnancies rise by 70,000 each year .","Unplanned pregnancy rises every year by 70,000 to 70,000.","Unplanned pregnancy surges each year by 70,000.","Unplanned pregnancy rates rise by 70,000 every year.","IE","{}","0","2","2","2","0","74","78","100"
"3UOMW19E6DUJNGET3WB2T3P23RNC5X","3NJNX96T4LP22T9Z4Q81DF3YROIOGL","Judge the similarity of sentences","Give us a judgment of how close the meaning of one sentence is to another","meaning","$0.06","Tue Apr 12 10:47:44 PDT 2022","1","BatchId:4714910;OriginalHitTemplateId:920937340;","3600","259200","Tue Apr 19 10:47:44 PDT 2022","","","3OLF68YTNAPPII8DFXXMY3MI7RDFAX","ANX6Q4NMZL8EI","Approved","Tue Apr 12 12:11:44 PDT 2022","Tue Apr 12 12:51:27 PDT 2022","Fri Apr 15 12:51:27 PDT 2022","Fri Apr 15 12:52:01 PDT 2022","","","2383","100% (107/107)","100% (107/107)","100% (16/16)","RTE2_test.column_s2_125","New England simply does n't lose .","New England simply does not lose.","New England simply does not lose.","New England simply doesn't lose.","SUM","{}","0","2","2","2","0","100","100","100"
"3URJ6VVYUPB20M7WFW1JJBD5S9B4OH","3NJNX96T4LP22T9Z4Q81DF3YROIOGL","Judge the similarity of sentences","Give us a judgment of how close the meaning of one sentence is to another","meaning","$0.06","Tue Apr 12 10:47:44 PDT 2022","1","BatchId:4714910;OriginalHitTemplateId:920937340;","3600","259200","Tue Apr 19 10:47:44 PDT 2022","","","3HFNH7HEMI2NJYBPFD0Q6O1ZCNHQGU","A2DQPG8W3CMVYZ","Approved","Tue Apr 12 11:02:51 PDT 2022","Tue Apr 12 11:06:34 PDT 2022","Fri Apr 15 11:06:34 PDT 2022","Fri Apr 15 11:07:01 PDT 2022","","","223","100% (6/6)","100% (6/6)","100% (6/6)","RTE2_test.column_s2_33","A book about a gay man with HIV in Thatcher 's Britain won .","A book won on a gay man with HIV in Thatcher's Britain.","Winned a book about a gay man with HIV in Thatcher's Britain.","A book on gay man with HIV won in Thatcher's Britain.","SUM","good","0","1","1","1","0|1","75","68","79"
"3D06DR52257T2821BHWX4AA0PJSMAV","3NJNX96T4LP22T9Z4Q81DF3YROIOGL","Judge the similarity of sentences","Give us a judgment of how close the meaning of one sentence is to another","meaning","$0.06","Tue Apr 12 10:47:44 PDT 2022","1","BatchId:4714910;OriginalHitTemplateId:920937340;","3600","259200","Tue Apr 19 10:47:44 PDT 2022","","","3V5Q80FXIYF5X3XGIN35RCENSCV32I","AK4ZRSQMRTXTJ","Approved","Tue Apr 12 10:48:11 PDT 2022","Tue Apr 12 10:52:19 PDT 2022","Fri Apr 15 10:52:19 PDT 2022","Fri Apr 15 10:53:01 PDT 2022","","","248","100% (5/5)","100% (5/5)","100% (5/5)","RTE2_test.column_s2_725","U.S. industry is exported .","Exports are exported from the U.S.","Exportation of U.S. industry is made.","Exports of the U.S. industry are exported.","IR","{}","0","2","2","2","0","95","94","98"
"39N6W9XWRDBU6G4IGKCIUR8AWOJGYR","3NJNX96T4LP22T9Z4Q81DF3YROIOGL","Judge the similarity of sentences","Give us a judgment of how close the meaning of one sentence is to another","meaning","$0.06","Tue Apr 12 10:47:44 PDT 2022","1","BatchId:4714910;OriginalHitTemplateId:920937340;","3600","259200","Tue Apr 19 10:47:44 PDT 2022","","","3PH3VY7DJMLSUC2GHENLJKZRBEQWZR","A2OQJ0FXNF1W2H","Approved","Tue Apr 12 10:56:30 PDT 2022","Tue Apr 12 11:54:35 PDT 2022","Fri Apr 15 11:54:35 PDT 2022","Fri Apr 15 11:55:01 PDT 2022","","","3485","100% (1/1)","100% (1/1)","100% (1/1)","RTE2_test.column_s2_709","The first flush toilet was invented in the 1820 's .","The first flush toilet was invented in the 1820s.","The first flush toilet was invented in the 1820's.","The first flush toilet was invented in the 1820s.","QA","{}","0","1","1","1","0","59","54","50"
"3V8JSVE8YYEWM28RAPMUUONYJ84EY8","3NJNX96T4LP22T9Z4Q81DF3YROIOGL","Judge the similarity of sentences","Give us a judgment of how close the meaning of one sentence is to another","meaning","$0.06","Tue Apr 12 10:47:44 PDT 2022","1","BatchId:4714910;OriginalHitTemplateId:920937340;","3600","259200","Tue Apr 19 10:47:44 PDT 2022","","","3XXU1SWE8NJYLETNCFE1VWZE1O30AR","A305HZSV55ZUIN","Approved","Tue Apr 12 10:48:07 PDT 2022","Tue Apr 12 10:51:17 PDT 2022","Fri Apr 15 10:51:17 PDT 2022","Fri Apr 15 10:52:01 PDT 2022","","","190","100% (1/1)","100% (1/1)","100% (1/1)","RTE1_test.column_s2_985","Cool , humid weather can slow the advance of fire .","Cool, humid weather can slow down the fire's advance.","Cool, humid weather can slow the progression of fires.","Cool, humid weather can slow down the fire's advance.","RC","{}","0","2","2","2","0","95","90","95"
"3M7OI89LVYCF6KE78FL7L932ZMYC6D","3NJNX96T4LP22T9Z4Q81DF3YROIOGL","Judge the similarity of sentences","Give us a judgment of how close the meaning of one sentence is to another","meaning","$0.06","Tue Apr 12 10:47:45 PDT 2022","1","BatchId:4714910;OriginalHitTemplateId:920937340;","3600","259200","Tue Apr 19 10:47:45 PDT 2022","","","3WJ1OXY92B4G33YQ7JRGOB5WKMFA8O","AP4TD45NHENQ2","Approved","Tue Apr 12 10:49:58 PDT 2022","Tue Apr 12 10:53:35 PDT 2022","Fri Apr 15 10:53:35 PDT 2022","Fri Apr 15 10:54:01 PDT 2022","","","217","100% (1/1)","100% (1/1)","100% (1/1)","RTE2_test.column_s1_41","Kenneth Branagh talks about his epic , uncut version of ' Hamlet ' . Kenneth Branagh has directed several celebrated film adaptations of Shakespeare 's plays , but none has reached the heights of his recent ' Hamlet ' .","Kenneth Branagh talks about his epic uncut version of'Hamlet '. Kenneth Branagh has directed several prominent film adaptations of Shakespeare's plays, but none has reached the heights of his recent'Hamlet '.","Kenneth Branagh talks about his epic, uncut version of'Hamlet's. Kenneth Branagh has directed several celebrated Shakespeare plays'adaptations, but none has reached the heights of his recent'Hamlet '.","Kenneth Branagh talks about his epic, uncut version of'Hamlet '. Kenneth Branagh has directed several celebrated film adaptations of Shakespeare's plays, but none has reached the heights of his recent'Hamlet '.","QA","GOOD","0","2","1","1","0","81","15","0"
"3YKP7CX6G23F0F06DPU4G3XGCCI7B0","3NJNX96T4LP22T9Z4Q81DF3YROIOGL","Judge the similarity of sentences","Give us a judgment of how close the meaning of one sentence is to another","meaning","$0.06","Tue Apr 12 10:47:45 PDT 2022","1","BatchId:4714910;OriginalHitTemplateId:920937340;","3600","259200","Tue Apr 19 10:47:45 PDT 2022","","","31QNSG6A5SHYK10S0GFWEK36JFP87D","ATIFHQ8B9J6M4","Approved","Tue Apr 12 11:48:57 PDT 2022","Tue Apr 12 11:52:55 PDT 2022","Fri Apr 15 11:52:55 PDT 2022","Fri Apr 15 11:53:01 PDT 2022","","","238","100% (3/3)","100% (3/3)","100% (3/3)","RTE3_test.column_s2_398","EU refuses commission candidates .","EU rejects candidates for the commission.","EU rejects candidates to the commission.","EU rejects Commission candidates.","IR","{}","0","2","2","2","0","30","60","70"
"359AP8GAGG8YAKSCRPQZRN3YUXI7C7","3NJNX96T4LP22T9Z4Q81DF3YROIOGL","Judge the similarity of sentences","Give us a judgment of how close the meaning of one sentence is to another","meaning","$0.06","Tue Apr 12 10:47:45 PDT 2022","1","BatchId:4714910;OriginalHitTemplateId:920937340;","3600","259200","Tue Apr 19 10:47:45 PDT 2022","","","3I0BTBYZAY9ZHWRQSLSHYIHL4F5Y0Y","AICBYPYVA7NJ5","Approved","Tue Apr 12 11:08:34 PDT 2022","Tue Apr 12 11:21:44 PDT 2022","Fri Apr 15 11:21:44 PDT 2022","Fri Apr 15 11:22:01 PDT 2022","","","790","100% (1/1)","100% (1/1)","100% (1/1)","RTE2_test.column_s2_625","Insurgents in Iraq attacked polling centers ahead of Sunday 's elections .","The Iraqi Insurgents attacked polling centers in Iraq before Sunday's elections.","Those insurgents in Iraq attacked the polling centers before Sunday's elections.","Insurgents attacked in Iraq polling centers ahead of Sunday's elections.","SUM","no comments.","0","2","2","2","0|1","100","100","100"
"39WSF6KUV29KSO4P42DWSXPW5Y5OE7","3NJNX96T4LP22T9Z4Q81DF3YROIOGL","Judge the similarity of sentences","Give us a judgment of how close the meaning of one sentence is to another","meaning","$0.06","Tue Apr 12 10:47:45 PDT 2022","1","BatchId:4714910;OriginalHitTemplateId:920937340;","3600","259200","Tue Apr 19 10:47:45 PDT 2022","","","324G5B4FB4WG2CVP5C2HL5XO0GX070","AMJAZPJBO936R","Approved","Tue Apr 12 10:48:03 PDT 2022","Tue Apr 12 10:51:51 PDT 2022","Fri Apr 15 10:51:51 PDT 2022","Fri Apr 15 10:52:01 PDT 2022","","","228","100% (1/1)","100% (1/1)","100% (1/1)","RTE2_test.column_s2_673","Javier Perez de Cuellar is employed by the U.N .","Javier Perez de Cuellar is employed by the United Nations.","Javier Perez de Cuellar is employed by the United Nations.","Javier Perez de Cuellar is employed by the United Nations.","IE","{}","0","2","2","2","0","73","74","72"
"3UUSLRKAULR8FCYQRLLABTLGFXU7D7","3NJNX96T4LP22T9Z4Q81DF3YROIOGL","Judge the similarity of sentences","Give us a judgment of how close the meaning of one sentence is to another","meaning","$0.06","Tue Apr 12 10:47:45 PDT 2022","1","BatchId:4714910;OriginalHitTemplateId:920937340;","3600","259200","Tue Apr 19 10:47:45 PDT 2022","","","36U2A8VAG2N1UMYUWE2ZH2WUIDBYK4","A5PK6DCXAX1JH","Approved","Tue Apr 12 10:48:12 PDT 2022","Tue Apr 12 10:48:48 PDT 2022","Fri Apr 15 10:48:48 PDT 2022","Fri Apr 15 10:49:01 PDT 2022","","","36","100% (1/1)","100% (1/1)","100% (1/1)","RTE1_test.column_s2_1512","Lisa Marie Presley 's father was Elvis Presley .","Elvis Presley was the father of Lisa Marie Presley.","Elvis Presley was the father of Lisa Marie Presley.","The father of Lisa Marie Presley was Elvis Presley.","QA","{}","0","2","2","2","0","69","94","75"
"3JHB4BPSFKX6I4QOB4PEPOJLT279QQ","3NJNX96T4LP22T9Z4Q81DF3YROIOGL","Judge the similarity of sentences","Give us a judgment of how close the meaning of one sentence is to another","meaning","$0.06","Tue Apr 12 10:47:45 PDT 2022","1","BatchId:4714910;OriginalHitTemplateId:920937340;","3600","259200","Tue Apr 19 10:47:45 PDT 2022","","","3IAS3U3I0G4A0Y1TXGIB9VCZG482B8","AUK645O59X4TM","Approved","Tue Apr 12 10:49:58 PDT 2022","Tue Apr 12 10:52:47 PDT 2022","Fri Apr 15 10:52:47 PDT 2022","Fri Apr 15 10:53:01 PDT 2022","","","169","100% (2/2)","100% (2/2)","100% (2/2)","RTE1_test.column_s2_2049","Five other soldiers have been demanded to face courts-martial .","Five other soldiers have been demanded to face court martial.","Five other soldiers have been requested to face court-martial.","Five other soldiers have been ordered to face courts martial.","PP","{}","0","2","2","2","0","86","100","93"
"3D7VY91L65LYLI7THVWTZLU671DMBQ","3NJNX96T4LP22T9Z4Q81DF3YROIOGL","Judge the similarity of sentences","Give us a judgment of how close the meaning of one sentence is to another","meaning","$0.06","Tue Apr 12 10:47:45 PDT 2022","1","BatchId:4714910;OriginalHitTemplateId:920937340;","3600","259200","Tue Apr 19 10:47:45 PDT 2022","","","3JRJSWSMQI9XSJ9WB7Y6TDNCPFL3EK","A6P29XPT7S07R","Approved","Tue Apr 12 11:08:23 PDT 2022","Tue Apr 12 11:09:44 PDT 2022","Fri Apr 15 11:09:44 PDT 2022","Fri Apr 15 11:10:01 PDT 2022","","","81","100% (1/1)","100% (1/1)","100% (1/1)","RTE3_test.column_s2_294","Reform allows home schooling .","Reform permits home schooling.","Home schooling allows home schooling.","Reform permits home schooling.","IR","{}","0","1","2","2","0","69","87","61"
"3DTJ4WT8BD3WRSIW6BOD8VW0P28EZZ","3NJNX96T4LP22T9Z4Q81DF3YROIOGL","Judge the similarity of sentences","Give us a judgment of how close the meaning of one sentence is to another","meaning","$0.06","Tue Apr 12 10:47:45 PDT 2022","1","BatchId:4714910;OriginalHitTemplateId:920937340;","3600","259200","Tue Apr 19 10:47:45 PDT 2022","","","3X4JMASXCNX34OYFITEXQ7JKJ6O0BM","A1NZL24IHHG6AO","Approved","Tue Apr 12 10:50:30 PDT 2022","Tue Apr 12 10:54:03 PDT 2022","Fri Apr 15 10:54:03 PDT 2022","Fri Apr 15 10:55:01 PDT 2022","","","213","100% (2/2)","100% (2/2)","100% (2/2)","RTE2_test.column_s2_46","Greater Johnstown-Cambria County Convention and Visitors Bureau funded two volunteer fire companies .","The Greater Johnstown-Cambria County Convention and Visitors Bureau also funded two volunteer fire firms.","The Greater Johnstown-Cambria County Convention and Visitors Bureau provided funds for two volunteer fire companies.","The Greater Johnstown - Cambria County Convention and Visitors Bureau funded two volunteer fire companies.","IE","{}","0","2","2","2","0","76","86","66"
"3XH7ZM9YX2I6U55OOJEEUETQPO99RR","3NJNX96T4LP22T9Z4Q81DF3YROIOGL","Judge the similarity of sentences","Give us a judgment of how close the meaning of one sentence is to another","meaning","$0.06","Tue Apr 12 10:47:45 PDT 2022","1","BatchId:4714910;OriginalHitTemplateId:920937340;","3600","259200","Tue Apr 19 10:47:45 PDT 2022","","","3YDGXNSEO0I11EI9YIHPB8JWSCP84H","A2DQPG8W3CMVYZ","Approved","Tue Apr 12 11:14:28 PDT 2022","Tue Apr 12 11:21:35 PDT 2022","Fri Apr 15 11:21:35 PDT 2022","Fri Apr 15 11:22:01 PDT 2022","","","427","100% (6/6)","100% (6/6)","100% (6/6)","RTE3_test.column_s2_59","The matador 's `` suit of lights '' was invented by Nudie Cohn .","Nudie Cohn invented the  suit of lights '' of Matador.","Nudie Cohn invented the  suit of lights '' of the matador.","Nudie Cohn invented the matador's  suit of lights ''.","IE","good","0|1","1","1","1","0","81","82","100"
"359AP8GAGG8YAKSCRPQZRN3YUXIC7C","3NJNX96T4LP22T9Z4Q81DF3YROIOGL","Judge the similarity of sentences","Give us a judgment of how close the meaning of one sentence is to another","meaning","$0.06","Tue Apr 12 10:47:45 PDT 2022","1","BatchId:4714910;OriginalHitTemplateId:920937340;","3600","259200","Tue Apr 19 10:47:45 PDT 2022","","","3KOPY89HM9Q53ZVOP89XQT04UNHJ3L","ABJOW5Q9IZHLP","Approved","Tue Apr 12 10:51:32 PDT 2022","Tue Apr 12 10:54:07 PDT 2022","Fri Apr 15 10:54:07 PDT 2022","Fri Apr 15 10:55:01 PDT 2022","","","155","100% (3/3)","100% (3/3)","100% (3/3)","RTE3_test.column_s2_656","US tobacco income has risen .","US tobacco revenues have increased.","The tobacco income in the US has increased.","US tobacco income has increased.","SUM","{}","0","1","2","1","0|1","7","15","28"
"37VHPF5VYCR2AYXV1UI55NZT5HOC8Z","3NJNX96T4LP22T9Z4Q81DF3YROIOGL","Judge the similarity of sentences","Give us a judgment of how close the meaning of one sentence is to another","meaning","$0.06","Tue Apr 12 10:47:45 PDT 2022","1","BatchId:4714910;OriginalHitTemplateId:920937340;","3600","259200","Tue Apr 19 10:47:45 PDT 2022","","","33LK57MYLUTZNVL7X9DKMVW6528SZO","A1TREN23A21R5Z","Approved","Tue Apr 12 11:48:57 PDT 2022","Tue Apr 12 12:00:46 PDT 2022","Fri Apr 15 12:00:46 PDT 2022","Fri Apr 15 12:01:01 PDT 2022","","","709","100% (23/23)","100% (23/23)","100% (1/1)","RTE1_test.column_s2_1290","Describing the scene , Dalako Salwati ( 19 ) said that everybody was panic stricken .","Dalako Salwati ( 19 ), who described the scene, said that everyone was panic stricken.","Dalako Salwati ( 19 ) describing the scene said everyone was panicked.","Dalako Salwati ( 19 ) described the scene, saying that everyone was panic stricken.","MT","{}","0","2","2","2","0","80","75","90"
"3087LXLJ6M4RVLC2XSVRKEEEJW4F0Q","3NJNX96T4LP22T9Z4Q81DF3YROIOGL","Judge the similarity of sentences","Give us a judgment of how close the meaning of one sentence is to another","meaning","$0.06","Tue Apr 12 10:47:45 PDT 2022","1","BatchId:4714910;OriginalHitTemplateId:920937340;","3600","259200","Tue Apr 19 10:47:45 PDT 2022","","","3OLF68YTNAPPII8DFXXMY3MI7QSAF5","AIWGYZUABL3K1","Approved","Tue Apr 12 10:49:59 PDT 2022","Tue Apr 12 10:51:44 PDT 2022","Fri Apr 15 10:51:44 PDT 2022","Fri Apr 15 10:52:01 PDT 2022","","","105","100% (4/4)","100% (4/4)","100% (4/4)","RTE2_test.column_s1_82","Long-distance telephone company MCI Inc. on Friday touted its $ 6.75 billion deal to be bought by Verizon Communications Inc. , but said it would thoroughly analyze a revised $ 8 billion bid by Qwest Communications International Inc .","Long-distance telephone firm MCI Inc. on Friday touted its $ 6.75 billion acquisition by Verizon Communications Inc., but said that it would analyze a revised $ 8 billion bid from Qwest Communications International Inc.","Long distance telephone company MCI Inc. on Friday revealed its $ 6.75 billion deal to be purchased by Verizon Communications Inc, but said it would thoroughly analyze the revised $ 8 billion bid from Qwest Communications International Inc.","Long-distance telephonist MCI Inc. has touted its $ 6.75 billion deal to be bought by Verizon Communications Inc., but said it would analyze the revised $ 8 billion bid by Qwest Communications International Inc.","SUM","{}","0|1","2","2","2","0","93","79","84"
"3RSBJ6YZECECY24LZDX2AFAWHZKOFP","3NJNX96T4LP22T9Z4Q81DF3YROIOGL","Judge the similarity of sentences","Give us a judgment of how close the meaning of one sentence is to another","meaning","$0.06","Tue Apr 12 10:47:45 PDT 2022","1","BatchId:4714910;OriginalHitTemplateId:920937340;","3600","259200","Tue Apr 19 10:47:45 PDT 2022","","","3PXX5PX6LYMZ51WXAVBQFDVXSS0BAO","A2H1RXUC8XNNIW","Approved","Tue Apr 12 10:48:13 PDT 2022","Tue Apr 12 10:52:49 PDT 2022","Fri Apr 15 10:52:49 PDT 2022","Fri Apr 15 10:53:01 PDT 2022","","","276","100% (1014/1014)","100% (6/6)","100% (6/6)","RTE1_test.column_s1_1300","Although the report recognises that the African National Congress had no policy of torture , it cannot deny that the Congress did resort to mass torture during the 1980 's .","Although the report recognizes that the African National Congress had no torture policy, it cannot deny that the Congress did apply mass torture in the 1980s.","Although the report recognises that the African National Congress did not have a policy of torture, it cannot deny that the Congress had used mass torture during the 1980s.","Although the report recognises that the African national Congress had no policy of torture, it cannot deny that Congress indeed used mass torture during the 1980s.","MT","{}","0","2","2","2","0","99","96","95"
"3T2HW4QDUVV2O3G56MOJ5JU4PN6C9O","3NJNX96T4LP22T9Z4Q81DF3YROIOGL","Judge the similarity of sentences","Give us a judgment of how close the meaning of one sentence is to another","meaning","$0.06","Tue Apr 12 10:47:45 PDT 2022","1","BatchId:4714910;OriginalHitTemplateId:920937340;","3600","259200","Tue Apr 19 10:47:45 PDT 2022","","","3IXQG4FA2UML0IMSIPXQJIKDMAO9BD","A3EDVGLEXLUE5","Approved","Tue Apr 12 11:13:36 PDT 2022","Tue Apr 12 11:17:11 PDT 2022","Fri Apr 15 11:17:11 PDT 2022","Fri Apr 15 11:18:01 PDT 2022","","","215","100% (1/1)","100% (1/1)","100% (1/1)","RTE2_test.column_s2_485","Insurgents have launched attacks on Iraq 's oil industry .","Insurgents have launched attacks on Iraq's oil industry.","Insurgents have launched attacks on the oil industry in Iraq.","Insurgents have launched attacks on the oil industry in Iraq.","SUM","{}","0","1","1","1","0|1","100","100","100"
"3M93N4X8HKB71WIAPK5W9ICP7V4JSK","3NJNX96T4LP22T9Z4Q81DF3YROIOGL","Judge the similarity of sentences","Give us a judgment of how close the meaning of one sentence is to another","meaning","$0.06","Tue Apr 12 10:47:45 PDT 2022","1","BatchId:4714910;OriginalHitTemplateId:920937340;","3600","259200","Tue Apr 19 10:47:45 PDT 2022","","","3U088ZLJVLHVSRWQDKATDLW5T75W0X","A2DQPG8W3CMVYZ","Approved","Tue Apr 12 11:48:24 PDT 2022","Tue Apr 12 12:05:51 PDT 2022","Fri Apr 15 12:05:51 PDT 2022","Fri Apr 15 12:06:01 PDT 2022","","","1047","100% (6/6)","100% (6/6)","100% (6/6)","RTE2_test.column_s2_199","Microsoft 's forward-looking figures remained in line with expectations .","Microsoft's forward-looking figures remained in line with expectations.","Microsoft's forward-looking figures remained in line with expectations.","Microsoft's forward-looking figures remained in line with expectations.","SUM","GOOD","0","1","1","0","0|1","87","76",""
"3T8DUCXY0NUJAKIGS8J9UTU8D969T4","3NJNX96T4LP22T9Z4Q81DF3YROIOGL","Judge the similarity of sentences","Give us a judgment of how close the meaning of one sentence is to another","meaning","$0.06","Tue Apr 12 10:47:46 PDT 2022","1","BatchId:4714910;OriginalHitTemplateId:920937340;","3600","259200","Tue Apr 19 10:47:46 PDT 2022","","","31EUONYN2WR3GJO4PV78HK99K1JVOC","A2MOKIEQZ0OF2M","Approved","Tue Apr 12 10:47:57 PDT 2022","Tue Apr 12 10:51:07 PDT 2022","Fri Apr 15 10:51:07 PDT 2022","Fri Apr 15 10:52:01 PDT 2022","","","190","100% (2/2)","100% (1/1)","100% (1/1)","RTE2_test.column_s2_107","Concorde 's first crash was in 1969 .","Concorde's first crash was in 1969.","Concorde's first crash was in 1969.","Concorde's first crash was in 1969.","QA","{}","0","2","2","2","0","94","89","97"
"3R868ACW4S0UB6ENC6E18YHC2INGZI","3NJNX96T4LP22T9Z4Q81DF3YROIOGL","Judge the similarity of sentences","Give us a judgment of how close the meaning of one sentence is to another","meaning","$0.06","Tue Apr 12 10:47:46 PDT 2022","1","BatchId:4714910;OriginalHitTemplateId:920937340;","3600","259200","Tue Apr 19 10:47:46 PDT 2022","","","34S9DKFK74D22SJXTRUF9UDYC8GYN9","A38BTK8LFYO5VZ","Approved","Tue Apr 12 10:48:14 PDT 2022","Tue Apr 12 10:49:27 PDT 2022","Fri Apr 15 10:49:27 PDT 2022","Fri Apr 15 10:50:01 PDT 2022","","","73","100% (2/2)","100% (2/2)","100% (2/2)","RTE3_test.column_s1_448","David Beckham has announced he no longer wishes to be the captain of England 's football team .","David Beckham announced today that he does not now wish to be the captain of England's football team.","David Beckham announced that he no longer wishes to be captain of England's football team.","David Beckham has announced he no longer wants to be captain of England's football team.","QA","{}","0","1","1","2","0","80","79","98"
"3KWGG5KP6JQHVNZZVVSOA50OPMDMCX","3NJNX96T4LP22T9Z4Q81DF3YROIOGL","Judge the similarity of sentences","Give us a judgment of how close the meaning of one sentence is to another","meaning","$0.06","Tue Apr 12 10:47:46 PDT 2022","1","BatchId:4714910;OriginalHitTemplateId:920937340;","3600","259200","Tue Apr 19 10:47:46 PDT 2022","","","3FIUS151DWQW69HBCHVECAXX60HGGY","A1BFWNASS8EOJY","Approved","Tue Apr 12 11:38:58 PDT 2022","Tue Apr 12 12:03:01 PDT 2022","Fri Apr 15 12:03:01 PDT 2022","Fri Apr 15 12:04:01 PDT 2022","","","1443","100% (5/5)","100% (5/5)","100% (5/5)","RTE1_test.column_s2_996","Mr. Conway is Iamgold 's chief executive officer .","Mr. Conway is Iamgold's chief executive officer.","Mr. Conway is the chief executive officer of Iamgold.","Mr. Conway is Iamgold's chief executive officer.","RC","GOOD","0|1","1","1","1","0","81","30","65"
"3X878VYTIE65DWCMIRG0ZTO1RAA7FI","3NJNX96T4LP22T9Z4Q81DF3YROIOGL","Judge the similarity of sentences","Give us a judgment of how close the meaning of one sentence is to another","meaning","$0.06","Tue Apr 12 10:47:46 PDT 2022","1","BatchId:4714910;OriginalHitTemplateId:920937340;","3600","259200","Tue Apr 19 10:47:46 PDT 2022","","","3JJVG1YBECL2ZVKGFZK972FB0EZ5BC","ABJOW5Q9IZHLP","Approved","Tue Apr 12 10:49:58 PDT 2022","Tue Apr 12 10:52:12 PDT 2022","Fri Apr 15 10:52:12 PDT 2022","Fri Apr 15 10:53:01 PDT 2022","","","134","100% (3/3)","100% (3/3)","100% (3/3)","RTE1_test.column_s1_2043","In February 2002 , President George Bush visited China to mark the 30 th anniversary of Nixon 's historic trip .","In February 2002, President George Bush visited China to mark the 30th anniversary of Nixon's historic trip.","In February 2002, President George Bush visited China to mark the 30th anniversary of Nixon's historic trip to China.","President George Bush visited China in February 2002 to mark the 30th anniversary of Nixon's historic trip.","QA","{}","0","2","2","1","0|1","100","100","15"
"3T2EL38U0M8WJ08MEKVS5R5305YQXQ","3NJNX96T4LP22T9Z4Q81DF3YROIOGL","Judge the similarity of sentences","Give us a judgment of how close the meaning of one sentence is to another","meaning","$0.06","Tue Apr 12 10:47:46 PDT 2022","1","BatchId:4714910;OriginalHitTemplateId:920937340;","3600","259200","Tue Apr 19 10:47:46 PDT 2022","","","3ATPCQ38J9YVI9P8KNPANOTYD1HYAP","AFJT8K9L3XF3G","Approved","Tue Apr 12 10:50:09 PDT 2022","Tue Apr 12 10:51:22 PDT 2022","Fri Apr 15 10:51:22 PDT 2022","Fri Apr 15 10:52:01 PDT 2022","","","73","100% (3/3)","100% (3/3)","100% (3/3)","RTE1_test.column_s2_1421","The Gaza unrest spurred Ahmed Qurei into quitting .","The Gaza Unrest has spurred Ahmed Qurei to quit.","The unrest in Gaza spurred Ahmed Qurei to quit.","The Gaza unrest spurred Ahmed Qurei to quit.","PP","good","0","1","0","1","0|1","63","","40"
"3TRB893CSJYBRW8HTBMIHEODSPA7GH","3NJNX96T4LP22T9Z4Q81DF3YROIOGL","Judge the similarity of sentences","Give us a judgment of how close the meaning of one sentence is to another","meaning","$0.06","Tue Apr 12 10:47:46 PDT 2022","1","BatchId:4714910;OriginalHitTemplateId:920937340;","3600","259200","Tue Apr 19 10:47:46 PDT 2022","","","3FE2ERCCZYWQBZR83JY9BSKRYDIOPK","AK4ZRSQMRTXTJ","Approved","Tue Apr 12 10:48:14 PDT 2022","Tue Apr 12 10:56:03 PDT 2022","Fri Apr 15 10:56:03 PDT 2022","Fri Apr 15 10:57:01 PDT 2022","","","469","100% (5/5)","100% (5/5)","100% (5/5)","RTE3_test.column_s2_639","The government intends to reorganize Welsh local government .","The government plans to restructure the Welsh local government.","The government intends to restructure Welsh local government.","The government intends to restructure Welsh local government.","SUM","{}","0","2","2","2","0|1","99","92","96"
"39HYCOOPKO9R0F5DVRNZUBI6AMPMDX","3NJNX96T4LP22T9Z4Q81DF3YROIOGL","Judge the similarity of sentences","Give us a judgment of how close the meaning of one sentence is to another","meaning","$0.06","Tue Apr 12 10:47:46 PDT 2022","1","BatchId:4714910;OriginalHitTemplateId:920937340;","3600","259200","Tue Apr 19 10:47:46 PDT 2022","","","36TFCYNS45YLSR7CLXD0LW9TOQDXHT","A297Q7ZL1R1Q1G","Approved","Tue Apr 12 10:47:54 PDT 2022","Tue Apr 12 10:56:05 PDT 2022","Fri Apr 15 10:56:05 PDT 2022","Fri Apr 15 10:57:01 PDT 2022","","","491","100% (2/2)","100% (2/2)","100% (2/2)","RTE2_test.column_s2_221","Methane rain appears to be supplying rivers and lakes on the surface of Saturn 's biggest moon .","Methane rain on the surface of Saturn's largest moon appears to be supplying rivers and lakes.","Methane rain seems to be supplying rivers and lakes on the surface of Saturn's largest moon.","Methane rain appears to supply rivers and lakes on the surface of Saturn's largest moon.","SUM","{}","0","2","2","2","0","100","97","97"
"3FVBZG9CLJ2B9H38SIJRNZQRZBHH0Q","3NJNX96T4LP22T9Z4Q81DF3YROIOGL","Judge the similarity of sentences","Give us a judgment of how close the meaning of one sentence is to another","meaning","$0.06","Tue Apr 12 10:47:46 PDT 2022","1","BatchId:4714910;OriginalHitTemplateId:920937340;","3600","259200","Tue Apr 19 10:47:46 PDT 2022","","","3PMBY0YE28R4ANEYWPTLU2QV4VVC9U","A2XATI58NLBQ4J","Approved","Tue Apr 12 13:52:19 PDT 2022","Tue Apr 12 13:56:35 PDT 2022","Fri Apr 15 13:56:35 PDT 2022","Fri Apr 15 13:57:01 PDT 2022","","","256","100% (2/2)","100% (2/2)","100% (2/2)","RTE3_test.column_s1_407","Californian Democrat Nancy Pelosi , 66-years-old , has been named the 60 th United States Speaker of the House with the votes 233-202 . She is the first female House speaker in United States history .","Californian Democrat Nancy Pelosi, 66-years-old, has been named the 60th Speaker of the United States House of Representatives with votes 233-202, making her the first female house speaker in United States history.","Californian Democrat Nancy Pelosi, 66-years-old, was appointed the 60th Speaker of the House of the United States with votes of 233-202. She is the first female speaker of the House in the history of the United States.","Californian Democrat Nancy Pelosi, 66-years-old, was named the 60th Speaker of the United States House with votes from 233 to 202, becoming the first female speaker in US history.","QA","{}","0|1","2","2","2","0","81","74","66"
"3OJX0UFJ0ZVYAXX5SD9JZPGAWND9UV","3NJNX96T4LP22T9Z4Q81DF3YROIOGL","Judge the similarity of sentences","Give us a judgment of how close the meaning of one sentence is to another","meaning","$0.06","Tue Apr 12 10:47:46 PDT 2022","1","BatchId:4714910;OriginalHitTemplateId:920937340;","3600","259200","Tue Apr 19 10:47:46 PDT 2022","","","3GM6G9ZBKOL03OZ37KSGOYWJSGOTMF","ATIFHQ8B9J6M4","Approved","Tue Apr 12 11:48:25 PDT 2022","Tue Apr 12 11:51:09 PDT 2022","Fri Apr 15 11:51:09 PDT 2022","Fri Apr 15 11:52:01 PDT 2022","","","164","100% (3/3)","100% (3/3)","100% (3/3)","RTE2_test.column_s1_94","California 's Supreme Court has rejected a request from the state 's attorney general to stop gay weddings and declare invalid over 3,400 same-sex marriages .","The California Supreme Court rejected a request of the state Attorney General to stop gay weddings and invalidate over 3,400 same-sex marriages.","California's Supreme Court rejected a request of the state's Attorney General to stop gay marriages and invalidate over 3,400 same - sex marriages.","California's Supreme Court has rejected a request by the State Attorney General to stop gay marriage and declare over 3,400 same-sex marriages invalid.","SUM","{}","0","2","2","2","0","30","60","30"
"3BKZLF990ZNLJ5YWJGHUO5CC2BSQYW","3NJNX96T4LP22T9Z4Q81DF3YROIOGL","Judge the similarity of sentences","Give us a judgment of how close the meaning of one sentence is to another","meaning","$0.06","Tue Apr 12 10:47:46 PDT 2022","1","BatchId:4714910;OriginalHitTemplateId:920937340;","3600","259200","Tue Apr 19 10:47:46 PDT 2022","","","3FTOP5WARGC9M7WR6LREOV2XRCD0JP","A1MXDBILWV8RXN","Approved","Tue Apr 12 11:49:09 PDT 2022","Tue Apr 12 12:09:47 PDT 2022","Fri Apr 15 12:09:47 PDT 2022","Fri Apr 15 12:10:01 PDT 2022","","","1238","100% (346/346)","100% (3/3)","100% (3/3)","RTE2_test.column_s2_295","Destruction of the rainforest affects the world 's weather .","Destruction of rainforest affects the weather of the planet.","Destruction of the rainforest affects the world's weather.","Destruction of rainforest affects weather worldwide.","IR","{}","0|1","2","2","2","0","60","100","100"
"3EHVO81VN59BG6OQO1NR149143NH1T","3NJNX96T4LP22T9Z4Q81DF3YROIOGL","Judge the similarity of sentences","Give us a judgment of how close the meaning of one sentence is to another","meaning","$0.06","Tue Apr 12 10:47:46 PDT 2022","1","BatchId:4714910;OriginalHitTemplateId:920937340;","3600","259200","Tue Apr 19 10:47:46 PDT 2022","","","34QN5IT0T0FK2Q08FHUNZ5TJB0308N","A2HSX08DWDYJU7","Approved","Tue Apr 12 10:48:14 PDT 2022","Tue Apr 12 10:49:42 PDT 2022","Fri Apr 15 10:49:42 PDT 2022","Fri Apr 15 10:50:01 PDT 2022","","","88","100% (305/305)","100% (305/305)","100% (1/1)","RTE1_test.column_s2_1322","Cohen supports force in making Iraq disarm .","Cohen supports force in enabling Iraq to disarm.","Cohen supports force in disarming Iraq.","Cohen supports the use of force in Iraq to.","MT","{}","0","2","2","0","0","50","95",""
"3Z33IC0JC0AYNCM5X3JOVBITAUM9VK","3NJNX96T4LP22T9Z4Q81DF3YROIOGL","Judge the similarity of sentences","Give us a judgment of how close the meaning of one sentence is to another","meaning","$0.06","Tue Apr 12 10:47:46 PDT 2022","1","BatchId:4714910;OriginalHitTemplateId:920937340;","3600","259200","Tue Apr 19 10:47:46 PDT 2022","","","3PM8NZGV8Z4Y5K6F4N0UUA1UFD9QXI","A3AFLE1W4L89MH","Approved","Tue Apr 12 10:48:04 PDT 2022","Tue Apr 12 10:50:31 PDT 2022","Fri Apr 15 10:50:31 PDT 2022","Fri Apr 15 10:51:01 PDT 2022","","","147","100% (2/2)","100% (2/2)","100% (2/2)","RTE2_test.column_s2_614","Big Bear Station is subordinate to San Bernardino Sherriff 's Department .","Big Bear Station is subordinate to the San Bernardino Sherriff's Department.","Big Bear Station is subordinate to San Bernardino Sheriff's Department.","Big Bear Station is a subordinate department to the San Bernardino Sherriff's Department.","IE","{}","0","2","2","2","0","100","100","21"
"3ZURAPD288BR2AXKTBZRYJXOOOAF1T","3NJNX96T4LP22T9Z4Q81DF3YROIOGL","Judge the similarity of sentences","Give us a judgment of how close the meaning of one sentence is to another","meaning","$0.06","Tue Apr 12 10:47:46 PDT 2022","1","BatchId:4714910;OriginalHitTemplateId:920937340;","3600","259200","Tue Apr 19 10:47:46 PDT 2022","","","3KWTYT0871REC46S6C93L5BGC8D5LZ","A1GUWXA5B6RCOR","Approved","Tue Apr 12 10:55:39 PDT 2022","Tue Apr 12 10:56:11 PDT 2022","Fri Apr 15 10:56:11 PDT 2022","Fri Apr 15 10:57:01 PDT 2022","","","32","100% (5/5)","100% (5/5)","100% (5/5)","RTE3_test.column_s1_484","By 1861 Alfred Nobel 's father was producing the newest explosive - nitroglycerin .","Alfred Nobel's father produced the newest explosive nitroglycerin by 1861.","By 1861 Alfred Nobel's father produced the newest explosive nitrogen nitroglycerin.","By 1861, Alfred Nobel's father had produced the latest explosive nitrogen glycol by.","QA","{}","0","2","1","2","0","35","72","38"
"3DFYDSXB2WONG9AEEP0WOJUDSSPJU0","3NJNX96T4LP22T9Z4Q81DF3YROIOGL","Judge the similarity of sentences","Give us a judgment of how close the meaning of one sentence is to another","meaning","$0.06","Tue Apr 12 10:47:46 PDT 2022","1","BatchId:4714910;OriginalHitTemplateId:920937340;","3600","259200","Tue Apr 19 10:47:46 PDT 2022","","","31N2WW6R9SEPYX9S6IICBV8C1G03F2","ALDKDKRBR4LXD","Approved","Tue Apr 12 10:48:13 PDT 2022","Tue Apr 12 10:50:56 PDT 2022","Fri Apr 15 10:50:56 PDT 2022","Fri Apr 15 10:51:01 PDT 2022","","","163","100% (54/54)","100% (54/54)","100% (2/2)","RTE1_test.column_s2_1009","Titan is the largest of Saturn 's 31 moons .","Titan is the largest of Saturn's 31 moons.","Titan is the largest of Saturn's 31 moons.","Titan is the largest of Saturn's 31 moons.","RC","{}","0","2","2","2","0","100","100","100"
"3UZUVSO3P7JWSLJDRMYJ0T0RAYQMEQ","3NJNX96T4LP22T9Z4Q81DF3YROIOGL","Judge the similarity of sentences","Give us a judgment of how close the meaning of one sentence is to another","meaning","$0.06","Tue Apr 12 10:47:46 PDT 2022","1","BatchId:4714910;OriginalHitTemplateId:920937340;","3600","259200","Tue Apr 19 10:47:46 PDT 2022","","","3PXX5PX6LYMZ51WXAVBQFDVXSS0ABN","A38JCRTTVX7EVE","Approved","Tue Apr 12 10:49:59 PDT 2022","Tue Apr 12 11:13:47 PDT 2022","Fri Apr 15 11:13:47 PDT 2022","Fri Apr 15 11:14:01 PDT 2022","","","1428","100% (1/1)","100% (1/1)","100% (1/1)","RTE3_test.column_s2_154","Shrek was produced by McDonald 's .","Shrek was produced by McDonald's.","Shrek was produced by McDonald's.","Shrek was produced by McDonald's.","IE","GOOD","0","2","1","0","0","76","25",""
"3R5OYNIC2CX427YN9XF6GJUNIDOTPJ","3NJNX96T4LP22T9Z4Q81DF3YROIOGL","Judge the similarity of sentences","Give us a judgment of how close the meaning of one sentence is to another","meaning","$0.06","Tue Apr 12 10:47:46 PDT 2022","1","BatchId:4714910;OriginalHitTemplateId:920937340;","3600","259200","Tue Apr 19 10:47:46 PDT 2022","","","3HPZF4IVNNHJBOM641L1TJJMD46CY9","A13YLEJ4UI0U9X","Approved","Tue Apr 12 11:02:10 PDT 2022","Tue Apr 12 11:08:39 PDT 2022","Fri Apr 15 11:08:39 PDT 2022","Fri Apr 15 11:09:01 PDT 2022","","","389","100% (5/5)","100% (5/5)","100% (5/5)","RTE2_test.column_s2_657","A bomb blew up close to Hariri 's motorcade in Beirut on Monday .","A bomb blew up in Beirut on Monday near Hariri's motorcade.","On Monday, a bomb hit near the motorcade of Hariri in Beirut.","On Monday, a bomb blew up near Hariri's motorcade in Beirut.","SUM","{}","0","2","1","2","0","82","30","73"
"3XJOUITW8UFP2JZ29AUVGOKXN9ATQA","3NJNX96T4LP22T9Z4Q81DF3YROIOGL","Judge the similarity of sentences","Give us a judgment of how close the meaning of one sentence is to another","meaning","$0.06","Tue Apr 12 10:47:46 PDT 2022","1","BatchId:4714910;OriginalHitTemplateId:920937340;","3600","259200","Tue Apr 19 10:47:46 PDT 2022","","","3WMINLGALCRIF6O3OV7LQX1FAD0ACU","A1NZL24IHHG6AO","Approved","Tue Apr 12 10:49:59 PDT 2022","Tue Apr 12 10:50:33 PDT 2022","Fri Apr 15 10:50:33 PDT 2022","Fri Apr 15 10:51:01 PDT 2022","","","34","100% (2/2)","100% (2/2)","100% (2/2)","RTE3_test.column_s1_241","This study will compare pre and post-deployment health status of military personnel deployed to the Middle East .","This study will compare health status of military personnel deployed to the Middle East before and after deployment.","This study will compare the health status of military personnel deployed to the Middle East before and after deployment.","This study will compare the health status of military personnel deployed to the Middle East before and after deployment.","IR","{}","0","2","2","2","0|1","68","82","74"
"3NBFJK3IOH6IC20GAX3KS0A8IEKOGO","3NJNX96T4LP22T9Z4Q81DF3YROIOGL","Judge the similarity of sentences","Give us a judgment of how close the meaning of one sentence is to another","meaning","$0.06","Tue Apr 12 10:47:47 PDT 2022","1","BatchId:4714910;OriginalHitTemplateId:920937340;","3600","259200","Tue Apr 19 10:47:47 PDT 2022","","","3TMSXRD2X7OVZGH893ETRQFFYZBW10","A35WBL5DJ8B73X","Approved","Tue Apr 12 10:48:15 PDT 2022","Tue Apr 12 10:48:56 PDT 2022","Fri Apr 15 10:48:56 PDT 2022","Fri Apr 15 10:49:01 PDT 2022","","","41","100% (987/987)","100% (987/987)","100% (3/3)","RTE3_test.column_s1_708","Revenue from the thrift store funded the Salvation Army 's drug - and alcohol-rehabilitation service .","Revenue from the thrift shop funded the Salvation Army's drug and alcohol rehabilitation service.","Revenues from the thrift store finance the Salvation Army's drug and alcohol rehabilitation services.","Revenue from the thrift store provided funding for the drug and alcohol rehabilitation services of the Salvation Army.","SUM","{}","0","2","2","2","0","92","88","66"
"3CVDZS288HOOYZJ9MXIPIBLRMZ5MF8","3NJNX96T4LP22T9Z4Q81DF3YROIOGL","Judge the similarity of sentences","Give us a judgment of how close the meaning of one sentence is to another","meaning","$0.06","Tue Apr 12 10:47:47 PDT 2022","1","BatchId:4714910;OriginalHitTemplateId:920937340;","3600","259200","Tue Apr 19 10:47:47 PDT 2022","","","3A0EX8ZRN9C01JU0Q1P6IZD4VJ2YBK","A2H1RXUC8XNNIW","Approved","Tue Apr 12 10:48:11 PDT 2022","Tue Apr 12 10:51:58 PDT 2022","Fri Apr 15 10:51:58 PDT 2022","Fri Apr 15 10:52:01 PDT 2022","","","227","100% (1014/1014)","100% (6/6)","100% (6/6)","RTE1_test.column_s1_1530","The Amish began as a small faith group that split-off from the Swiss Mennonites during the late 17 th century .","The Amish started as a small faith group that split from the Swiss Mennonites during the late 17th century.","The Amish began as a small faith group, which split with the Swiss Mennonites during the late 17th century.","The Amish started as a small faith group which split off from the Swiss Mennonites during the late 17th century.","QA","{}","0","2","2","2","0","98","98","95"
"301KG0KX9C9I5R6M75N56NJ6W91H2A","3NJNX96T4LP22T9Z4Q81DF3YROIOGL","Judge the similarity of sentences","Give us a judgment of how close the meaning of one sentence is to another","meaning","$0.06","Tue Apr 12 10:47:47 PDT 2022","1","BatchId:4714910;OriginalHitTemplateId:920937340;","3600","259200","Tue Apr 19 10:47:47 PDT 2022","","","30BXRYBRP5L63R2MBSHEJDVMFO7WHZ","AK4ZRSQMRTXTJ","Approved","Tue Apr 12 10:48:13 PDT 2022","Tue Apr 12 10:55:54 PDT 2022","Fri Apr 15 10:55:54 PDT 2022","Fri Apr 15 10:56:01 PDT 2022","","","461","100% (5/5)","100% (5/5)","100% (5/5)","RTE2_test.column_s1_53","Michael Moore 's anti-Bush documentary Fahrenheit 9 / 11 has won best film at the US People 's Choice Awards , voted for by the US public .","Michael Moore's anti-Bush documentary Fahrenheit 9 / 11 has won the best film at the US People's Choice Awards, voted for by the public in the USA.","Michael Moore's anti-Bush documentary Fahrenheit 9 / 11 won at the US People's Choice Awards for best film, voted for by the US public.","Michael Moore's anti-Bush documentary Fahrenheit 9 / 11 won best film at the US People's Choice Awards, voted for by the US public.","SUM","{}","0","2","2","2","0|1","92","83","92"
"302OLP89DZVGTMQAYS2J1E5OV5OCA3","3NJNX96T4LP22T9Z4Q81DF3YROIOGL","Judge the similarity of sentences","Give us a judgment of how close the meaning of one sentence is to another","meaning","$0.06","Tue Apr 12 10:47:47 PDT 2022","1","BatchId:4714910;OriginalHitTemplateId:920937340;","3600","259200","Tue Apr 19 10:47:47 PDT 2022","","","3HRMW88U17EZNF2C9I464NUEV5S0MB","A35WBL5DJ8B73X","Approved","Tue Apr 12 10:48:25 PDT 2022","Tue Apr 12 10:49:08 PDT 2022","Fri Apr 15 10:49:08 PDT 2022","Fri Apr 15 10:50:01 PDT 2022","","","43","100% (987/987)","100% (987/987)","100% (3/3)","RTE2_test.column_s1_395","To protect Tibet 's ecological environment , the government exercises a `` felling by quota '' policy , and strictly controls the scale of tree-felling in forests .","To protect Tibet's ecological environment, the government has implemented a  felling by quota '' policy and strictly controls the scale of tree-flowing in forests.","To protect Tibet's ecological environment, the government operates a  felling by quota '' policy and strictly controls the scale of tree-burning in forests.","To protect Tibet's ecological environment, the government has a  felling by quota policy '' and strictly controls the scale of tree-breaking in forests.","IR","{}","0","2","2","2","0","89","72","77"
"309D674SHZ9LCWV2462FWPPUDN9CBY","3NJNX96T4LP22T9Z4Q81DF3YROIOGL","Judge the similarity of sentences","Give us a judgment of how close the meaning of one sentence is to another","meaning","$0.06","Tue Apr 12 10:47:47 PDT 2022","1","BatchId:4714910;OriginalHitTemplateId:920937340;","3600","259200","Tue Apr 19 10:47:47 PDT 2022","","","3180JW2OT508HEIS3RXQ5QYO8J8J5B","AJ82AHAXAW6Q4","Approved","Tue Apr 12 10:51:32 PDT 2022","Tue Apr 12 10:52:05 PDT 2022","Fri Apr 15 10:52:05 PDT 2022","Fri Apr 15 10:53:01 PDT 2022","","","33","100% (3/3)","100% (3/3)","100% (3/3)","RTE3_test.column_s2_620","Nucor 's process has cost advantages .","The Nucor process has cost advantages.","Nucor's process has cost advantages.","Nucor's process has cost advantages.","SUM","{}","0","2","2","2","0","78","33","86"
"38EHZ67RIMGUCZF4XHO70WL3NE5MG7","3NJNX96T4LP22T9Z4Q81DF3YROIOGL","Judge the similarity of sentences","Give us a judgment of how close the meaning of one sentence is to another","meaning","$0.06","Tue Apr 12 10:47:47 PDT 2022","1","BatchId:4714910;OriginalHitTemplateId:920937340;","3600","259200","Tue Apr 19 10:47:47 PDT 2022","","","34T446B1C12METQLWTAS1RP21RO0CT","A13YLEJ4UI0U9X","Approved","Tue Apr 12 10:55:08 PDT 2022","Tue Apr 12 10:55:45 PDT 2022","Fri Apr 15 10:55:45 PDT 2022","Fri Apr 15 10:56:01 PDT 2022","","","37","100% (5/5)","100% (5/5)","100% (5/5)","RTE3_test.column_s2_394","`` Sophie 's World '' is a best seller .","Sophie's World '' is a best-selling book.","Sophie's World '' is a best seller.","Sophie's World '' is a best seller.","IR","{}","0","2","1","2","0","77","41","72"
"3PR3LXCWSFNQR1R0XIK6JWFEQ5U9XN","3NJNX96T4LP22T9Z4Q81DF3YROIOGL","Judge the similarity of sentences","Give us a judgment of how close the meaning of one sentence is to another","meaning","$0.06","Tue Apr 12 10:47:47 PDT 2022","1","BatchId:4714910;OriginalHitTemplateId:920937340;","3600","259200","Tue Apr 19 10:47:47 PDT 2022","","","3NPI0JQDAPT6ORWGZ0K852QEXLZTPB","A3O1I9MATO3ZZN","Approved","Tue Apr 12 10:48:08 PDT 2022","Tue Apr 12 10:51:14 PDT 2022","Fri Apr 15 10:51:14 PDT 2022","Fri Apr 15 10:52:01 PDT 2022","","","186","100% (1785/1785)","100% (1779/1779)","100% (3/3)","RTE1_test.column_s2_1530","The Amish are descendants of the Swiss Anabaptists of 16 th-Century Europe .","The Amish are descendants of the Swiss Anabaptists of the 16th-Century Europe.","The Amish are descendants of the Swiss Anabaptists of 16th-Century Europe.","The Amish are descendants of the Swiss Anabaptists of the 16th-century Europe.","QA","{}","0","1","2","1","0","100","100","100"
"37YYO3NWHDE4M1N8I6YA79VCV89CC5","3NJNX96T4LP22T9Z4Q81DF3YROIOGL","Judge the similarity of sentences","Give us a judgment of how close the meaning of one sentence is to another","meaning","$0.06","Tue Apr 12 10:47:47 PDT 2022","1","BatchId:4714910;OriginalHitTemplateId:920937340;","3600","259200","Tue Apr 19 10:47:47 PDT 2022","","","3FUI0JHJPYMUILTZMNHAAMJFYQV33T","A1BFWNASS8EOJY","Approved","Tue Apr 12 11:11:21 PDT 2022","Tue Apr 12 11:25:03 PDT 2022","Fri Apr 15 11:25:03 PDT 2022","Fri Apr 15 11:26:01 PDT 2022","","","822","100% (5/5)","100% (5/5)","100% (5/5)","RTE2_test.column_s1_37","The Channel Tunnel , thirty-two miles in length , stretches from Cheriton , Kent in England to the town of Sangatte in the Nord Pas-de-Calais region of France . It is the second-longest rail tunnel in the world , the longest being the Seikan Tunnel in Japan .","The thirty-two mile channel tunnel stretches from Cheriton, Kent in England to the town of Sangatte in the North Pas-de-Calais region of France, the second longest tunnel in the world, the Seikan Tunnel in Japan.","The thirty-two mile long Channel Tunnel stretches from Cheriton, Kent in England to the town of Sangatte in the northern Pas-de-Calais region of France, the second-longest rail tunnel in the world, the longest being the Seikan Tunnel in Japan.","The Channel Tunnel, thirty-two miles long, runs from Cheriton, Kent in England to the town of Sangatte in the Nord Pas de-Calais region of France and the second-longest train tunnel in the world, the longest being the Seikan Tunnel in Japan.","QA","good","0|1","1","2","1","0","79","50","88"
"379OL9DBSS2FR6HA2E682AMNSBO9YT","3NJNX96T4LP22T9Z4Q81DF3YROIOGL","Judge the similarity of sentences","Give us a judgment of how close the meaning of one sentence is to another","meaning","$0.06","Tue Apr 12 10:47:47 PDT 2022","1","BatchId:4714910;OriginalHitTemplateId:920937340;","3600","259200","Tue Apr 19 10:47:47 PDT 2022","","","3DH6GAKTYZDWJHXGWF594HK7MMOZYR","A2DQPG8W3CMVYZ","Approved","Tue Apr 12 11:48:14 PDT 2022","Tue Apr 12 12:04:50 PDT 2022","Fri Apr 15 12:04:50 PDT 2022","Fri Apr 15 12:05:01 PDT 2022","","","996","100% (6/6)","100% (6/6)","100% (6/6)","RTE3_test.column_s2_690","Sotheby 's , Christie 's and Phillips founded the ALR .","The ALR was founded by Sotheby, Christie and Phillips.","The ALR was founded by Sotheby's, Christie's and Phillips.","Sotheby's, Christie's and Phillips founded the ALR.","SUM","GOOD","0|1","1","1","0","0","75","100",""
"3WJGKMRWVIXERTTMI2TLRFDUG8LCD5","3NJNX96T4LP22T9Z4Q81DF3YROIOGL","Judge the similarity of sentences","Give us a judgment of how close the meaning of one sentence is to another","meaning","$0.06","Tue Apr 12 10:47:47 PDT 2022","1","BatchId:4714910;OriginalHitTemplateId:920937340;","3600","259200","Tue Apr 19 10:47:47 PDT 2022","","","3MX2NQ3YCAI9CYNHKVCRWZ63JHN5XL","A1GUWXA5B6RCOR","Approved","Tue Apr 12 10:50:20 PDT 2022","Tue Apr 12 10:52:14 PDT 2022","Fri Apr 15 10:52:14 PDT 2022","Fri Apr 15 10:53:01 PDT 2022","","","114","100% (5/5)","100% (5/5)","100% (5/5)","RTE3_test.column_s2_209","Floods ravage Europe .","Inundations ravage Europe.","Europe ravages by floods.","Europe suffers from floods.","IR","{}","0","2","1","1","0","80","34","41"
"385MDVINFC308DZJ9PFX67FAD80JWZ","3NJNX96T4LP22T9Z4Q81DF3YROIOGL","Judge the similarity of sentences","Give us a judgment of how close the meaning of one sentence is to another","meaning","$0.06","Tue Apr 12 10:47:47 PDT 2022","1","BatchId:4714910;OriginalHitTemplateId:920937340;","3600","259200","Tue Apr 19 10:47:47 PDT 2022","","","3F0BG9B9MQBDZ7RADKDQDXR8CTBY7Y","A2LQK4LC7F67EZ","Approved","Tue Apr 12 10:50:20 PDT 2022","Tue Apr 12 11:38:37 PDT 2022","Fri Apr 15 11:38:37 PDT 2022","Fri Apr 15 11:39:01 PDT 2022","","","2897","100% (3/3)","100% (3/3)","100% (3/3)","RTE3_test.column_s2_315","The assassination of Rabin took place in 1995 .","Rabin was assassinated in 1995.","Rabin's assassination took place in 1995.","The Rabin's assassination took place in 1995.","IR","good","0","2","2","2","0","65","89","71"
"3LEG2HW4UFBYRVFGCFZ5327TGUOF2A","3NJNX96T4LP22T9Z4Q81DF3YROIOGL","Judge the similarity of sentences","Give us a judgment of how close the meaning of one sentence is to another","meaning","$0.06","Tue Apr 12 10:47:47 PDT 2022","1","BatchId:4714910;OriginalHitTemplateId:920937340;","3600","259200","Tue Apr 19 10:47:47 PDT 2022","","","33IZTU6J82PAI0LSWRPZPAGVX2AXSW","A2DQPG8W3CMVYZ","Approved","Tue Apr 12 11:49:09 PDT 2022","Tue Apr 12 12:06:16 PDT 2022","Fri Apr 15 12:06:16 PDT 2022","Fri Apr 15 12:07:01 PDT 2022","","","1027","100% (6/6)","100% (6/6)","100% (6/6)","RTE1_test.column_s1_1508","Why does n't Hitler revise Mein Kampf ?","Why doesn't Hitler revise Mein Kampf?","Why does Hitler not revise Mein Kampf?","Why doesnt Hitler write Mein Kampf?","QA","GOOD","0|1","1","1","1","0","77","74","99"
"39I4RL8QGJ5S85L9BJ6TZ2G4GNXH46","3NJNX96T4LP22T9Z4Q81DF3YROIOGL","Judge the similarity of sentences","Give us a judgment of how close the meaning of one sentence is to another","meaning","$0.06","Tue Apr 12 10:47:47 PDT 2022","1","BatchId:4714910;OriginalHitTemplateId:920937340;","3600","259200","Tue Apr 19 10:47:47 PDT 2022","","","39LNWE0K4VKT7IO1MAKY11B4ULCUIS","ABJOW5Q9IZHLP","Approved","Tue Apr 12 10:50:30 PDT 2022","Tue Apr 12 10:53:41 PDT 2022","Fri Apr 15 10:53:41 PDT 2022","Fri Apr 15 10:54:01 PDT 2022","","","191","100% (3/3)","100% (3/3)","100% (3/3)","RTE3_test.column_s2_61","Fiona Wood is Tony Keirath 's wife .","Fiona Wood is the wife of Tony Keirath.","Fiona Wood is Tony Keirath's wife.","Fiona Wood is Tony Keirath's wife.","IE","{}","0","2","2","2","0|1","10","97","94"
"3BJKPTD2QC0PEKE2MPJVLEU2JVCTRB","3NJNX96T4LP22T9Z4Q81DF3YROIOGL","Judge the similarity of sentences","Give us a judgment of how close the meaning of one sentence is to another","meaning","$0.06","Tue Apr 12 10:47:47 PDT 2022","1","BatchId:4714910;OriginalHitTemplateId:920937340;","3600","259200","Tue Apr 19 10:47:47 PDT 2022","","","3NVC2EB65RNVYOQNB8A00GFS7RPY3T","A13YLEJ4UI0U9X","Approved","Tue Apr 12 10:49:17 PDT 2022","Tue Apr 12 10:50:03 PDT 2022","Fri Apr 15 10:50:03 PDT 2022","Fri Apr 15 10:51:01 PDT 2022","","","46","100% (5/5)","100% (5/5)","100% (5/5)","RTE2_test.column_s2_721","Javier Solana is NATO 's secretary general .","Javier Solana is NATO's secretary general.","Javier Solana is NATO's Secretary General.","Javier Solana is NATO's secretary general.","QA","{}","0","2","1","1","0","65","65","68"
"3RIHDBQ1NEM8CVAFHN6PLWX42EIMH6","3NJNX96T4LP22T9Z4Q81DF3YROIOGL","Judge the similarity of sentences","Give us a judgment of how close the meaning of one sentence is to another","meaning","$0.06","Tue Apr 12 10:47:47 PDT 2022","1","BatchId:4714910;OriginalHitTemplateId:920937340;","3600","259200","Tue Apr 19 10:47:47 PDT 2022","","","33OOO72IVI9NU2NCUVY2L2R7Y2KTCX","A1MXDBILWV8RXN","Approved","Tue Apr 12 11:48:25 PDT 2022","Tue Apr 12 12:03:49 PDT 2022","Fri Apr 15 12:03:49 PDT 2022","Fri Apr 15 12:04:01 PDT 2022","","","924","100% (346/346)","100% (3/3)","100% (3/3)","RTE3_test.column_s2_621","US Steel 's mini-mill will be located in Ohio .","US Steel's mini-mill will be in Ohio.","The mini-mill of US Steel will be located in Ohio.","US Steel's mini-mill in Ohio will be located.","SUM","{}","0","1","1","1","0","100","100","75"
"31ANT7FQN8QA4OP9POP34UMIGJSH5B","3NJNX96T4LP22T9Z4Q81DF3YROIOGL","Judge the similarity of sentences","Give us a judgment of how close the meaning of one sentence is to another","meaning","$0.06","Tue Apr 12 10:47:48 PDT 2022","1","BatchId:4714910;OriginalHitTemplateId:920937340;","3600","259200","Tue Apr 19 10:47:48 PDT 2022","","","3ITXP059PX79NGG3FNAYY18GM3IJSF","A4NIYH8QOM2WL","Approved","Tue Apr 12 10:57:11 PDT 2022","Tue Apr 12 11:12:17 PDT 2022","Fri Apr 15 11:12:17 PDT 2022","Fri Apr 15 11:13:01 PDT 2022","","","906","100% (1/1)","100% (1/1)","100% (1/1)","RTE2_test.column_s2_467","Cars exported by Japan decreased .","During the past decade, car exports from Japan decreased.","Cars exported by Japan were decreasing.","Exports from Japan of cars decreased.","IR","{}","0","2","1","2","0","100","90","100"
"3538U0YQ1FINCDBZGFDAMCCLM8OF3L","3NJNX96T4LP22T9Z4Q81DF3YROIOGL","Judge the similarity of sentences","Give us a judgment of how close the meaning of one sentence is to another","meaning","$0.06","Tue Apr 12 10:47:48 PDT 2022","1","BatchId:4714910;OriginalHitTemplateId:920937340;","3600","259200","Tue Apr 19 10:47:48 PDT 2022","","","31IBVUNM9TN9A6BBQSOIUQ0VS0TVFR","A1BFWNASS8EOJY","Approved","Tue Apr 12 10:51:32 PDT 2022","Tue Apr 12 11:00:36 PDT 2022","Fri Apr 15 11:00:36 PDT 2022","Fri Apr 15 11:01:01 PDT 2022","","","544","100% (5/5)","100% (5/5)","100% (5/5)","RTE2_test.column_s1_100","Government subsidies for energy and raw materials held prices at artificially low levels , doing away with incentives to conserve natural resources .","Government subsidies for energy and raw materials, held prices artificially low, removing incentives to conserve natural resources.","Government subsidies for energy and raw materials held prices artificially low, scrapping incentives to conserve natural resources.","Government subsidies for energy and raw materials, held prices artificially low, removing incentives to conserve natural resources.","IR","good","0|1","2","2","2","0|1","88","85","92"
"3VIVIU06FK088QLZN5OAL8YJ2RXMIZ","3NJNX96T4LP22T9Z4Q81DF3YROIOGL","Judge the similarity of sentences","Give us a judgment of how close the meaning of one sentence is to another","meaning","$0.06","Tue Apr 12 10:47:48 PDT 2022","1","BatchId:4714910;OriginalHitTemplateId:920937340;","3600","259200","Tue Apr 19 10:47:48 PDT 2022","","","37XITHEISXXAENAKQ6T7LNQPAHNRCI","A38BTK8LFYO5VZ","Approved","Tue Apr 12 10:48:13 PDT 2022","Tue Apr 12 10:48:39 PDT 2022","Fri Apr 15 10:48:39 PDT 2022","Fri Apr 15 10:49:01 PDT 2022","","","26","100% (2/2)","100% (2/2)","100% (2/2)","RTE3_test.column_s2_539","Satyarthi is chairman of South Asia Coalition on Child Servitude .","Satyarthi is Chairman of the South Asia Coalition for Child Servitude.","Satyarthi is the chair of the South Asia Coalition for Child Servitude.","Satyarthi is the chair of South Asia Coalition on Child Servitude.","QA","{}","0","2","2","2","0","81","76","78"
"3BFF0DJK8X01FZEF1EJ0BOZY5XVTSZ","3NJNX96T4LP22T9Z4Q81DF3YROIOGL","Judge the similarity of sentences","Give us a judgment of how close the meaning of one sentence is to another","meaning","$0.06","Tue Apr 12 10:47:48 PDT 2022","1","BatchId:4714910;OriginalHitTemplateId:920937340;","3600","259200","Tue Apr 19 10:47:48 PDT 2022","","","3WYP994K18FUV7D5UA8Y7JRCHIRY6Z","A2H1RXUC8XNNIW","Approved","Tue Apr 12 10:48:07 PDT 2022","Tue Apr 12 10:50:42 PDT 2022","Fri Apr 15 10:50:42 PDT 2022","Fri Apr 15 10:51:01 PDT 2022","","","155","100% (1014/1014)","100% (6/6)","100% (6/6)","RTE2_test.column_s2_688","Shipwreck salvaging was attempted .","Wreck salvaging attempted was attempted.","Sarnishing efforts to salvage shipwrecks were attempted.","Shipwreck salvage was attempted.","IR","{}","0","2","1","2","0","87","69","100"
"3AFT28WXLFQW8T6B0L3NDCNOXRCOIG","3NJNX96T4LP22T9Z4Q81DF3YROIOGL","Judge the similarity of sentences","Give us a judgment of how close the meaning of one sentence is to another","meaning","$0.06","Tue Apr 12 10:47:48 PDT 2022","1","BatchId:4714910;OriginalHitTemplateId:920937340;","3600","259200","Tue Apr 19 10:47:48 PDT 2022","","","3F6HPJW4JEO2O1Z4S7E7W9PKQ5Q2WO","A1GUWXA5B6RCOR","Approved","Tue Apr 12 10:48:15 PDT 2022","Tue Apr 12 10:49:00 PDT 2022","Fri Apr 15 10:49:00 PDT 2022","Fri Apr 15 10:49:01 PDT 2022","","","45","100% (5/5)","100% (5/5)","100% (5/5)","RTE3_test.column_s2_190","Apple 's profits rose by 78 percent during the last quarter of 2006 .","Apple's profits grew during the last quarter of 2006 by 78 percent.","Apple's profits rose by 78 percent in the last quarter of 2006.","Apple's profits rose in the last quarter of 2006 by 78 percent.","IE","{}","0","2","2","2","0","74","86","67"
"391JB9X4ZYWZELBNN89MYODWUVMMKA","3NJNX96T4LP22T9Z4Q81DF3YROIOGL","Judge the similarity of sentences","Give us a judgment of how close the meaning of one sentence is to another","meaning","$0.06","Tue Apr 12 10:47:48 PDT 2022","1","BatchId:4714910;OriginalHitTemplateId:920937340;","3600","259200","Tue Apr 19 10:47:48 PDT 2022","","","3I3WADAZ9RSMIP9PJ4PVDMFA7DI5OG","A391WTMEXC9LGB","Approved","Tue Apr 12 10:48:10 PDT 2022","Tue Apr 12 10:51:26 PDT 2022","Fri Apr 15 10:51:26 PDT 2022","Fri Apr 15 10:52:01 PDT 2022","","","196","100% (1/1)","100% (1/1)","100% (1/1)","RTE3_test.column_s1_505","Significant naval battle of the Persian Wars , the first ever recorded . Aeschylus served in the battle and wrote `` The Persians '' , which is the earliest of his works to survive .","Aeschylus served in the battle and wrote  The Persians '', the earliest of his works to survive.","Aeschylus served in the battle and wrote  The Persians '', which is the earliest of his works to survive.","Aeschylus served in the battle and wrote  The Persians '', the earliest of his works to survive.","QA","{}","0","2","2","2","0","40","55","41"